"数据年月","商品编码","商品名称","第一数量","第一计量单位","第二数量","第二计量单位","人民币",
"201901","27101210","车用汽油和航空汽油，不含有生物柴油","15220","千克","21125","升","287,655",
"201901","27101923","柴油,不含生物柴油","149493578","千克","175804449","升","555,418,024",
"201902","27101923","柴油,不含生物柴油","83549610","千克","98254341","升","329,240,146",
"201903","27101210","车用汽油和航空汽油，不含有生物柴油","74526412","千克","103442660","升","327,444,241",
"201903","27101923","柴油,不含生物柴油","74110257","千克","87153662","升","309,175,997",
"201904","27101210","车用汽油和航空汽油，不含有生物柴油","42552","千克","59062","升","753,675",
"201904","27101923","柴油,不含生物柴油","241878339","千克","284448927","升","953,273,790",
"201905","27101210","车用汽油和航空汽油，不含有生物柴油","35532971","千克","49319761","升","152,489,216",
"201905","27101923","柴油,不含生物柴油","10227935","千克","12028051","升","42,959,318",
"201906","27101210","车用汽油和航空汽油，不含有生物柴油","37718412","千克","52353157","升","146,140,963",
"201906","27101923","柴油,不含生物柴油","135597960","千克","159463200","升","517,632,398",
"201907","27101210","车用汽油和航空汽油，不含有生物柴油","28289956","千克","39266459","升","109,319,602",
"201907","27101923","柴油,不含生物柴油","76242751","千克","89661475","升","311,119,111",
"201908","27101923","柴油,不含生物柴油","123767746","千克","145550870","升","520,508,730",
"201909","27101210","车用汽油和航空汽油，不含有生物柴油","33544561","千克","46559850","升","155,326,429",
"201909","27101923","柴油,不含生物柴油","119409338","千克","140425383","升","495,250,854",
"201910","27101210","车用汽油和航空汽油，不含有生物柴油","50260114","千克","69761038","升","215,760,039",
"201910","27101923","柴油,不含生物柴油","33976085","千克","39955876","升","140,317,107",
"201911","27101210","车用汽油和航空汽油，不含有生物柴油","37408173","千克","51922544","升","175,351,965",
"201911","27101923","柴油,不含生物柴油","72208562","千克","84917269","升","301,762,431",
"201912","27101210","车用汽油和航空汽油，不含有生物柴油","36035832","千克","50017736","升","160,856,712",
"201912","27101923","柴油,不含生物柴油","69712921","千克","81982392","升","292,541,097",
