low_threshold,high_threshold,pressure_threshold,rule_loss_mean,ratio_match_to_rolling_optimal,direction_match_to_rolling_optimal,delta_abs_mean,carry_over_abs_mean
80,420,0.06,0.04166313326164147,0.315,0.805,124.52062567752947,106.02028453980715
100,420,0.06,0.04166313326164147,0.3075,0.805,124.52062567752947,106.02028453980715
80,420,0.08,0.04177117469531023,0.305,0.8025,126.48461017030931,102.4164865561998
100,420,0.08,0.04179329558900528,0.3025,0.805,125.93612821098726,102.90209886494591
120,420,0.06,0.04202683143817099,0.31,0.8125,122.11070670211265,109.06617216080711
120,420,0.08,0.042146682579739025,0.3,0.82,123.96872351172566,105.35112987886089
80,350,0.06,0.042525212991922405,0.3225,0.81,129.09905799764363,98.65253179556876
100,350,0.06,0.042525212991922405,0.315,0.81,129.09905799764363,98.65253179556876
120,350,0.06,0.04261899615569408,0.3125,0.815,127.09958511548164,101.43127066052588
80,350,0.08,0.04265673460908378,0.31,0.8025,130.64870128280793,95.330332120081
100,350,0.08,0.042678855505459926,0.31,0.805,130.1002193234863,95.81594442862752
120,350,0.08,0.04296490574739514,0.3,0.8125,128.58047496654711,97.88585203766812
120,300,0.06,0.04310144547392938,0.3325,0.8025,129.8778984501233,95.8126119052799
80,300,0.08,0.04315276593602142,0.335,0.8,133.9018769767443,89.11093587359078
100,300,0.08,0.04315276593602142,0.3325,0.8,133.9018769767443,89.11093587359078
120,300,0.08,0.043179864732312175,0.325,0.8075,131.4491733653456,91.47342182808084
80,300,0.06,0.04322581374214289,0.335,0.7925,133.10057071514984,93.26631139252316
100,300,0.06,0.0432987437896376,0.3375,0.795,132.53739105801174,93.64456780415996
80,220,0.06,0.04334741252545051,0.365,0.7825,138.8212137133746,81.58035923389207
100,220,0.06,0.04334741252545051,0.3675,0.7825,138.8212137133746,81.58035923389207
80,260,0.08,0.04334854245491299,0.3375,0.8,136.43564306076564,84.31735927133326
100,260,0.08,0.04334854245491299,0.335,0.8,136.43564306076564,84.31735927133326
150,420,0.08,0.043537791285401466,0.295,0.7925,121.20805600091731,109.14572060916977
150,420,0.06,0.043627232521201105,0.305,0.7825,119.83387786275757,113.13748572257572
80,220,0.08,0.04362826404686514,0.3775,0.79,140.7605197465984,78.1052658782743
80,260,0.06,0.04376338546699274,0.3325,0.7925,136.16505318234834,86.76536548430781
100,260,0.06,0.04376338546699274,0.335,0.7925,136.16505318234834,86.76536548430781
100,220,0.08,0.043926237262979534,0.3725,0.7925,140.76176246951474,78.38472277050984
150,350,0.08,0.04411548594174358,0.3025,0.7925,125.65545835814666,101.32245275545037
120,220,0.06,0.04417766296460355,0.35,0.7825,137.54224623849873,83.62140619925138
120,260,0.08,0.044355293103963585,0.325,0.8075,135.7597349432921,85.63410688183326
150,350,0.06,0.04438989918097883,0.3125,0.7825,124.25715798401929,105.15242404137867
150,300,0.06,0.04439678800045169,0.33,0.7725,127.269406561787,99.03909544888658
100,420,0.04,0.044553515329355114,0.3025,0.805,124.09889806431858,105.40831511205971
120,300,0.02,0.04462123737357924,0.345,0.815,129.53808611672684,93.46096850958726
120,260,0.06,0.0446523971374425,0.325,0.7975,135.0747012354528,88.42559225632266
120,220,0.08,0.04469172022910284,0.36,0.7925,139.2262892646286,81.10919525124334
80,420,0.04,0.044703098156621074,0.31,0.8025,124.37569450114279,105.74605591800062
80,300,0.02,0.0447049580697466,0.3425,0.8025,132.93005947039362,91.08890524862849
100,420,0.02,0.0447387209181966,0.3175,0.81,124.0242577639778,105.48157705137072
150,300,0.08,0.044765541328259585,0.3225,0.775,128.3078332910115,94.99493125243785
100,300,0.02,0.04477093032432514,0.3525,0.805,132.03637516094193,91.6287115246487
80,420,0.02,0.044853857149200975,0.3225,0.8125,124.31996020795552,105.66793635492745
80,420,0.0,0.04495227242557331,0.315,0.815,124.79977237068618,104.02264268791247
100,260,0.02,0.04503831837490267,0.345,0.795,135.88069278296192,85.86707137199289
100,350,0.02,0.0450599322222995,0.3275,0.815,129.48419751376957,97.89595409913014
80,350,0.02,0.045071899021504304,0.3325,0.82,129.75537181227253,97.34454016814907
80,220,0.04,0.045091518090855744,0.3625,0.7825,139.19049208249388,80.72137668164787
100,220,0.04,0.0450920670515257,0.3625,0.785,138.6900204170081,80.51476846597076
80,300,0.04,0.04510457331560521,0.3475,0.795,132.7749537193877,92.13886663272831
100,300,0.04,0.04514811457591513,0.3425,0.7975,132.02028350645654,92.44232330202139
120,350,0.02,0.04516813899209522,0.3275,0.82,127.70682755262766,99.76000836564307
120,420,0.04,0.045200781329467435,0.3,0.805,122.16925792497226,108.63091960955953
100,350,0.04,0.04521042247903809,0.3175,0.82,129.47214071966778,97.07438571090967
180,420,0.06,0.04524536194810817,0.3075,0.76,116.69590425747253,117.29375894631482
100,260,0.04,0.04527377011546933,0.35,0.7925,136.11331830213305,85.56132186697458
80,260,0.04,0.04532714371598654,0.3475,0.79,136.3558185450325,85.4070436635899
80,350,0.04,0.045362975752547656,0.3175,0.8075,130.62847609454155,96.9291774989919
80,260,0.02,0.045395810817008025,0.34,0.7925,136.92436254005548,85.33889511422038
100,420,0.0,0.04546273972768466,0.315,0.8075,124.7985294788306,104.63864710073872
80,220,0.02,0.04546334427575298,0.36,0.8075,140.60720849197233,80.49046086155379
100,220,0.02,0.04546334427575298,0.36,0.8075,140.60720849197233,80.49046086155379
120,420,0.02,0.045482544365529884,0.325,0.815,121.85730403035042,107.65464539371565
120,300,0.04,0.045516179587972466,0.33,0.7975,129.77452869676884,94.90814425752843
80,300,0.0,0.04558564863128485,0.3375,0.805,132.42085889463837,90.92424144563793
80,350,0.0,0.045606854710742085,0.3275,0.82,129.96001737587778,95.21801617350127
180,420,0.08,0.045648021778087085,0.2925,0.76,117.425470973614,114.21175988715608
120,260,0.04,0.04580300071361795,0.325,0.795,134.1171273223219,87.59599863840272
80,260,0.0,0.04581155749227386,0.3475,0.81,136.0476048903829,84.56984562282366
150,220,0.06,0.04582485762110134,0.3225,0.755,132.32035781132865,87.70585594194588
120,350,0.04,0.045836252151667936,0.3125,0.805,127.97517501319763,99.90241871060043
100,260,0.0,0.04587239043947467,0.35,0.8025,135.41343285079628,84.90462208751458
150,260,0.06,0.045964255553026294,0.32,0.775,130.8232096664191,91.46998099969969
150,300,0.02,0.045965181930748694,0.33,0.795,127.07670654618643,97.20740708635545
120,300,0.0,0.046024125569291384,0.3425,0.8125,130.41260080828434,92.80966004719225
100,350,0.0,0.046037821543315746,0.335,0.8075,129.40214134981895,96.02620317361706
80,220,0.0,0.04604256793645867,0.3325,0.8075,138.4869999783975,80.68436719229244
120,220,0.04,0.04605005623919688,0.35,0.7925,137.2270670431614,82.52307440843721
120,260,0.02,0.046064853036756455,0.33,0.8075,134.55310480328447,87.29792339575513
120,420,0.0,0.04611087863731379,0.315,0.8075,123.19161309879985,106.81991864980317
100,300,0.0,0.046137096861432,0.35,0.8025,131.86325555549962,91.71265459769457
150,260,0.08,0.04623715626505284,0.3025,0.775,132.38278594229192,88.97557181067467
180,350,0.06,0.04628931081607064,0.315,0.7575,122.68150252746084,109.3359787629559
150,420,0.04,0.04629685773185523,0.295,0.7825,119.37310826418702,112.37628547492776
150,300,0.04,0.04631542618902808,0.33,0.7825,127.46147121961093,98.10589967375198
120,350,0.0,0.04639920005951446,0.33,0.8125,128.4638105143165,97.75540706515235
150,220,0.08,0.046420058974384365,0.315,0.75,133.07479235540018,86.66190964866368
120,220,0.02,0.04654200070989872,0.34,0.8125,138.01794009009672,82.37016255798773
180,350,0.08,0.04658745855956759,0.3,0.765,123.16843879084881,106.76559670419684
150,420,0.02,0.046601206208562805,0.315,0.79,118.95518459036379,111.33745437495303
150,350,0.02,0.046706673229878586,0.33,0.8025,125.02803795663341,102.38810653999812
150,350,0.04,0.04672139772358522,0.315,0.7975,125.2352797024668,103.07298073906324
120,260,0.0,0.046757680398420536,0.335,0.81,133.9404084543968,86.7032752624593
180,300,0.06,0.04677157695430722,0.3225,0.7425,125.26929514346011,103.21992587031191
150,420,0.0,0.04686474145106315,0.315,0.7925,120.05620141795713,110.6543284831981
180,300,0.08,0.04695214725874636,0.3125,0.7425,125.98198656839122,99.74098753401181
150,300,0.0,0.046985189958397705,0.345,0.795,128.28328551837058,96.41082475880059
150,260,0.04,0.04712121060709387,0.32,0.775,130.81873918359946,90.12549330538768
100,220,0.0,0.04713044020378671,0.3275,0.7825,138.28518216031512,81.48167018076266
150,260,0.02,0.0472043233159461,0.335,0.79,131.51212114110413,89.4550718524447
150,350,0.0,0.04730417625555569,0.3375,0.7975,125.9503830470661,101.24579710780225
150,220,0.04,0.047577024716070525,0.315,0.76,133.1583728873312,86.45865060378621
180,420,0.02,0.04769633055668709,0.31,0.775,116.0812218090189,114.66347010895056
180,420,0.04,0.047768290382338936,0.3,0.7675,117.26325944647684,114.935619050319
180,300,0.02,0.04790275531933961,0.335,0.7775,126.321397792035,100.43591249466928
180,220,0.06,0.0479057070614502,0.295,0.715,127.98309836478366,94.42458259312316
150,220,0.02,0.048060391418804665,0.31,0.7625,135.5920560244811,86.37851858956994
120,220,0.0,0.048246570815189946,0.325,0.7925,136.11823113430543,83.40914627579954
150,260,0.0,0.04827931739098927,0.3375,0.7875,130.1706704315689,90.0994146456497
180,420,0.0,0.04830376342417926,0.3025,0.7825,116.83931753109015,114.74971414303042
180,220,0.08,0.04833028449245072,0.285,0.7075,128.04994700653958,93.52780215985514
180,300,0.04,0.048394175054306564,0.33,0.765,125.83805200582319,101.87725436189474
180,350,0.02,0.048427252074127326,0.3175,0.775,123.05556721214265,106.70932541700735
180,300,0.0,0.04856950392768579,0.335,0.77,125.28930393264122,100.73398179060567
180,350,0.04,0.04886478520934629,0.3125,0.77,123.87411467574265,106.94363839955275
180,260,0.06,0.04888375220858599,0.32,0.7375,129.18686442441415,96.04931279632261
180,220,0.02,0.049071966567864715,0.29,0.735,129.74643401487808,91.56386594793159
180,260,0.02,0.049096858621380635,0.3225,0.765,128.18740988641716,94.79211857396115
180,350,0.0,0.049284175586634386,0.3225,0.775,123.48552019797964,106.49880849439367
150,220,0.0,0.049416415731607974,0.32,0.7725,132.6503479305461,86.38570380421989
180,220,0.04,0.0495604178474143,0.2925,0.725,128.88678888193058,92.82085788013359
180,260,0.08,0.0497702110809446,0.2975,0.7275,130.37301313137087,94.44866346807025
180,260,0.04,0.04995386932628572,0.3275,0.7475,129.1022067979048,94.50996546396195
180,260,0.0,0.0502490934561036,0.3225,0.755,127.6650255830456,94.4512067871149
180,220,0.0,0.05084809246782525,0.315,0.735,127.42810497234976,91.69023111645893
