scenario,fuel,rule_total_loss_mean,rule_delta_abs_mean,rule_delta_std,large_adjustment_count_abs_ge_500,price_below_inventory_cost_count,price_below_cost_plus_margin_count,carry_over_abs_mean,direction_match_vs_mechanism_rate,intervention_abs_ratio_mean,rule_consumer_loss_mean,rule_profit_loss_mean,rule_cpi_loss_mean,rule_expectation_loss_mean,rule_security_loss_mean
baseline,gasoline,0.04313163568059267,127.77790160114658,201.13842230674214,4.0,30.0,82.0,107.32881387595712,0.7,0.588975152183435,0.0009118024685084416,0.002726025932541728,7.29981712130807e-05,0.14912607412268536,0.011201814768815916
oil_up_20pct,gasoline,0.10087770567245244,156.899116993657,256.67020779770144,7.0,98.0,167.0,115.16074514005896,0.66,0.5752933923210884,0.002447599895795789,0.008327396580069549,7.36864693018435e-05,0.26757578448733216,0.08790053468844962
oil_down_20pct,gasoline,0.024568238070434862,98.62121903969363,157.40357215929518,3.0,0.0,29.0,95.307199085725,0.675,0.5679414548553939,0.001627578776661194,0.004496430770291131,7.371868305061013e-05,0.0825448088876129,0.000760314181424143
high_volatility,gasoline,0.05030551224957064,128.67664774278103,210.54834386267578,5.0,33.0,86.0,101.12517960015117,0.7,0.6038063079317676,0.0016248110851643802,0.004824965410723506,7.473246085283677e-05,0.17200492055359626,0.021118060338182226
conflict_spike,gasoline,0.16613319821964068,179.85946178629857,289.3813885693124,16.0,135.0,181.0,125.61847862028279,0.705,0.5966714235957655,0.004493326336638137,0.016008613357324345,7.424515965088243e-05,0.3441104413752356,0.19625018192148175
baseline,diesel,0.040194630842690274,121.26334975391234,191.5887070151067,4.0,32.0,81.0,104.71175520365716,0.69,0.5860475643319534,0.0010287090682662087,0.0030421060340571223,7.682127242873146e-05,0.13267439982306292,0.011624692208474103
oil_up_20pct,diesel,0.09231926739395137,151.05067334677113,243.7652228536328,5.0,89.0,163.0,113.82881450805,0.675,0.6029154446269307,0.0023630981167640187,0.008001781918811767,7.765438810349418e-05,0.23334211393488252,0.0835390235620062
oil_down_20pct,diesel,0.02356621623850022,92.5596880234968,151.23638855652538,3.0,1.0,31.0,92.62347855426938,0.635,0.5588119409599978,0.0016614319950043108,0.004573115732694997,7.77484526470812e-05,0.07831783155668559,0.001394825867278537
high_volatility,diesel,0.08970942163805837,126.13886094326278,203.9634087026726,9.0,75.0,139.0,106.99408567123132,0.695,0.6236305843768704,0.002796657170135485,0.009579890025816464,7.817132452962112e-05,0.1765860379008154,0.10247783988562702
conflict_spike,diesel,0.14709882392508014,168.75772171413692,274.679660354406,7.0,125.0,175.0,121.27759344081387,0.675,0.5863342523879743,0.004103013012619197,0.014543362346635159,7.828363072012474e-05,0.2984105715466621,0.17506719505935264
