scenario,fuel,policy,total_loss_mean,delta_abs_mean,delta_std,large_adjustment_count_abs_ge_500,price_below_inventory_cost_count,price_below_cost_plus_margin_count,consumer_loss_mean,profit_loss_mean,cpi_loss_mean,expectation_loss_mean,security_loss_mean
baseline,gasoline,simplified_rule,0.04313163568059267,127.77790160114658,201.13842230674214,4.0,30.0,82.0,0.0009118024685084416,0.002726025932541728,7.29981712130807e-05,0.14912607412268536,0.011201814768815916
baseline,gasoline,full_mechanism,0.07528077812608705,199.8986199675699,262.54333083972585,9.0,33.0,80.0,0.001236983105843633,0.003762146774873612,7.287955005104436e-05,0.38550646171765934,0.0203804642447514
baseline,gasoline,rolling_optimal_H3,0.027828726633273595,117.9338389010209,182.37122775914392,3.0,31.0,78.0,0.0010056774812685298,0.003035801998958384,7.42651678914232e-05,0.06959148781560573,0.014055675942882399
oil_up_20pct,gasoline,simplified_rule,0.10087770567245244,156.899116993657,256.67020779770144,7.0,98.0,167.0,0.002447599895795789,0.008327396580069549,7.36864693018435e-05,0.26757578448733216,0.08790053468844962
oil_up_20pct,gasoline,full_mechanism,0.14967780694919036,239.87834396108389,315.05199700767105,14.0,100.0,163.0,0.0030742244903582696,0.010748443624827297,7.312766126729467e-05,0.5551293048734294,0.12268810149332277
oil_up_20pct,gasoline,rolling_optimal_H3,0.07420709870704682,134.3071080424791,212.79127025112535,3.0,98.0,171.0,0.0023378100396720274,0.007877073647720473,7.406387004641836e-05,0.09590251288305218,0.08017702927458621
oil_down_20pct,gasoline,simplified_rule,0.024568238070434862,98.62121903969363,157.40357215929518,3.0,0.0,29.0,0.001627578776661194,0.004496430770291131,7.371868305061013e-05,0.0825448088876129,0.000760314181424143
oil_down_20pct,gasoline,full_mechanism,0.04343156050927015,159.91889597405594,210.03466467178066,4.0,2.0,28.0,0.0018913482267916611,0.00517905827927896,7.301599307903757e-05,0.24672413549930197,0.0015195530021984418
oil_down_20pct,gasoline,rolling_optimal_H3,0.014343743120702053,99.21934507939153,148.84740899134988,2.0,2.0,29.0,0.0017737855826920946,0.004888601819284871,7.428832546204904e-05,0.04543655291802873,0.001127463727950498
high_volatility,gasoline,simplified_rule,0.05030551224957064,128.67664774278103,210.54834386267578,5.0,33.0,86.0,0.0016248110851643802,0.004824965410723506,7.473246085283677e-05,0.17200492055359626,0.021118060338182226
high_volatility,gasoline,full_mechanism,0.07620281033807248,194.96302477540905,259.68488994429316,9.0,40.0,86.0,0.0019522822334292402,0.0058927404759822645,7.47252688811273e-05,0.3619000014759836,0.03125753671634231
high_volatility,gasoline,rolling_optimal_H3,0.03225043268741578,125.65512848967734,185.46281941183761,3.0,35.0,84.0,0.001656736692085687,0.0049278853830561,7.553793490941096e-05,0.07422014088582442,0.021864559298076968
conflict_spike,gasoline,simplified_rule,0.16613319821964068,179.85946178629857,289.3813885693124,16.0,135.0,181.0,0.004493326336638137,0.016008613357324345,7.424515965088243e-05,0.3441104413752356,0.19625018192148175
conflict_spike,gasoline,full_mechanism,0.23202292720659165,269.86313695621936,354.43349663362994,23.0,141.0,180.0,0.005394200730478455,0.019736782474446258,7.352490018814777e-05,0.7025855264804342,0.25145529442719855
conflict_spike,gasoline,rolling_optimal_H3,0.13026720848780524,147.09210081088676,237.16731657924134,5.0,135.0,181.0,0.004232079215114615,0.01485752533211802,7.459510504818708e-05,0.12063807192942373,0.17714189398716265
baseline,diesel,simplified_rule,0.040194630842690274,121.26334975391234,191.5887070151067,4.0,32.0,81.0,0.0010287090682662087,0.0030421060340571223,7.682127242873146e-05,0.13267439982306292,0.011624692208474103
baseline,diesel,full_mechanism,0.07139154048570184,190.2765068670908,251.37730147855143,9.0,33.0,81.0,0.0014428854916652125,0.0043683125215705975,7.660532685017895e-05,0.3534820833810957,0.023886066599783328
baseline,diesel,rolling_optimal_H3,0.02715498597479387,113.69984008681519,174.11089886086734,3.0,31.0,74.0,0.0011406998708174798,0.003407755513981465,7.8307028345425e-05,0.06458778136320378,0.014880880240516071
oil_up_20pct,diesel,simplified_rule,0.09231926739395137,151.05067334677113,243.7652228536328,5.0,89.0,163.0,0.0023630981167640187,0.008001781918811767,7.765438810349418e-05,0.23334211393488252,0.0835390235620062
oil_up_20pct,diesel,full_mechanism,0.1407686480717226,228.331808240509,301.6527617742617,12.0,93.0,158.0,0.0030351735111843092,0.010602058898267324,7.679350181910253e-05,0.5090142000687778,0.12039524258036868
oil_up_20pct,diesel,rolling_optimal_H3,0.06832756778616932,128.3385218141836,203.63414882853425,3.0,90.0,162.0,0.002187864590605552,0.007299056011752598,7.798744939142754e-05,0.0892121849756741,0.0718294556018958
oil_down_20pct,diesel,simplified_rule,0.02356621623850022,92.5596880234968,151.23638855652538,3.0,1.0,31.0,0.0016614319950043108,0.004573115732694997,7.77484526470812e-05,0.07831783155668559,0.001394825867278537
oil_down_20pct,diesel,full_mechanism,0.04036412830842938,152.22120549367264,201.10184118284118,3.0,6.0,33.0,0.0019923997619211613,0.005436163647600672,7.686824226247756e-05,0.22622853336390128,0.00246522997226703
oil_down_20pct,diesel,rolling_optimal_H3,0.013842395374652722,94.36762418518738,142.2159439411239,2.0,1.0,31.0,0.0018349325874724071,0.005032703619773637,7.826589664267695e-05,0.04306838595641585,0.0016350582056633633
high_volatility,diesel,simplified_rule,0.08970942163805837,126.13886094326278,203.9634087026726,9.0,75.0,139.0,0.002796657170135485,0.009579890025816464,7.817132452962112e-05,0.1765860379008154,0.10247783988562702
high_volatility,diesel,full_mechanism,0.1288116350935742,190.13286200300527,253.77246337176967,10.0,88.0,139.0,0.0036371873969465473,0.012917880263850141,7.817048472546771e-05,0.3680816263385605,0.14775432021197138
high_volatility,diesel,rolling_optimal_H3,0.06918310908689353,107.543660045852,162.68878875824737,3.0,78.0,143.0,0.0025459668023018194,0.008585232101863067,7.925575876046704e-05,0.056681784222018125,0.08724046500632184
conflict_spike,diesel,simplified_rule,0.14709882392508014,168.75772171413692,274.679660354406,7.0,125.0,175.0,0.004103013012619197,0.014543362346635159,7.828363072012474e-05,0.2984105715466621,0.17506719505935264
conflict_spike,diesel,full_mechanism,0.21361820230947162,256.87328427057264,339.3593569960444,19.0,128.0,169.0,0.005045366797925371,0.018448330096327015,7.718009493293017e-05,0.6442210969620471,0.23247844129764342
conflict_spike,diesel,rolling_optimal_H3,0.11472478153473013,140.3619226408153,226.91937757761542,5.0,124.0,177.0,0.003645422153606896,0.012634578713553392,7.873337741287547e-05,0.110407385036316,0.14411567282379636
