robustness_scenario,scenario_label,fuel,policy,n_windows,mean_loss,mean_abs_action,std_action,max_abs_action,large_adjustment_count_abs_ge_500,no_adjustment_count,direction_reversal_count,price_below_inventory_cost_count,mean_expectation_loss,mean_security_loss,mean_carry_abs,mechanism_mean_loss,mechanism_mean_abs_action,mechanism_large_count,mechanism_reversal_count,loss_reduction_vs_mechanism_pct,abs_action_reduction_vs_mechanism_pct
down_then_up,先跌后涨反转情景,diesel,mechanism,200,0.08981254908142705,166.09708781357907,230.40761644823675,1516.239145964637,6,29,62,64,0.29598756435037715,0.08780353360943943,0.0,0.08981254908142705,166.09708781357907,6,62,0.0,0.0
down_then_up,先跌后涨反转情景,diesel,public_rule,200,0.04689627557791488,90.92971532175886,173.90438159421416,1270.7465772947041,3,97,25,43,0.10002281665990939,0.02901829669518273,123.90115402608082,0.08981254908142705,166.09708781357907,6,62,47.7842728465516,45.255081519662255
down_then_up,先跌后涨反转情景,gasoline,mechanism,200,0.08969715869546428,175.48289013569843,241.468618670282,1580.6802691303817,6,25,64,62,0.323838600016144,0.07682596040052622,0.0,0.08969715869546428,175.48289013569843,6,64,0.0,0.0
down_then_up,先跌后涨反转情景,gasoline,public_rule,200,0.04766553514127846,97.74171966396821,182.29376099386687,1324.8619633349713,4,94,28,41,0.11204277981153334,0.024055223368632132,125.97383348769705,0.08969715869546428,175.48289013569843,6,64,46.85948157721437,44.301282256984756
extreme_jump,极端跳升冲击情景,diesel,mechanism,200,0.13209703287335095,242.48230028831733,336.2463394466079,1652.427854265498,22,20,62,52,0.617120166488705,0.05926682162408646,0.0,0.13209703287335095,242.48230028831733,22,62,0.0,0.0
extreme_jump,极端跳升冲击情景,diesel,public_rule,200,0.08232699757602546,163.92454883396474,278.84633134474655,1377.975238289906,22,78,32,44,0.29920955132910493,0.02581349099947482,131.81034725902057,0.13209703287335095,242.48230028831733,22,62,37.67687601661946,32.39731368472896
extreme_jump,极端跳升冲击情景,gasoline,mechanism,200,0.1359136695234986,251.92191022073064,346.6964667327887,1716.8689774312427,23,19,64,52,0.6555946244229708,0.053039947932459794,0.0,0.1359136695234986,251.92191022073064,23,64,0.0,0.0
extreme_jump,极端跳升冲击情景,gasoline,public_rule,200,0.08458953279563414,168.35048258347044,286.66343750555984,1435.1438583991508,21,81,30,41,0.31088623002423227,0.023086452371782445,136.8157731628223,0.1359136695234986,251.92191022073064,23,64,37.76230669645105,33.17354475600634
high_volatility,高波动情景,diesel,mechanism,200,0.1448706340854663,320.7909608048501,391.74262402279857,1174.6223546947251,40,11,64,56,0.6856105231854306,0.061523192949273435,0.0,0.1448706340854663,320.7909608048501,40,64,0.0,0.0
high_volatility,高波动情景,diesel,public_rule,200,0.137213024518833,249.87797877257378,355.53265645133587,1014.9266459649311,40,55,60,43,0.5854367463380207,0.03909230366015923,128.95191201035584,0.1448706340854663,320.7909608048501,40,64,5.28582594738676,22.105667146717238
high_volatility,高波动情景,gasoline,mechanism,200,0.14686569782859973,325.8412109637895,399.2484641312483,1202.2834767535041,40,10,66,53,0.7199190363400015,0.0528219497799661,0.0,0.14686569782859973,325.8412109637895,40,66,0.0,0.0
high_volatility,高波动情景,gasoline,public_rule,200,0.13252654144565668,253.94396017361905,357.3902058420488,1013.1644674412701,40,49,60,38,0.5729955184536063,0.03267841542895664,129.5912700353177,0.14686569782859973,325.8412109637895,40,66,9.763448235324244,22.065118950886887
historical,历史波动复现,diesel,mechanism,200,0.09039091099333632,187.6033798305448,251.26765625243834,1514.7864971220276,9,22,62,55,0.3530067428103536,0.06710250060781738,0.0,0.09039091099333632,187.6033798305448,9,62,0.0,0.0
historical,历史波动复现,diesel,public_rule,200,0.049917886512207216,108.44833796252156,189.37228638615994,1266.0875662333428,4,87,28,44,0.12009678604604898,0.026993362140562825,126.4601428112065,0.09039091099333632,187.6033798305448,9,62,44.77554660790265,42.19275896815988
historical,历史波动复现,gasoline,mechanism,200,0.08945488750629607,196.48516958094442,262.34438740367943,1579.2276202877724,9,21,62,52,0.3832653948522949,0.053335361305276746,0.0,0.08945488750629607,196.48516958094442,9,62,0.0,0.0
historical,历史波动复现,gasoline,public_rule,200,0.052963072459243754,113.82647487879407,199.23980599447984,1320.483044627085,4,89,30,40,0.13871821963556316,0.023517174944997214,131.22558257585726,0.08945488750629607,196.48516958094442,9,62,40.79353969841383,42.068668530272
sustained_down,单边下跌情景,diesel,mechanism,200,0.09104492048809679,160.9526259156127,213.53124197937026,1227.257496235821,4,28,62,73,0.2561851605242706,0.10592309499290482,0.0,0.09104492048809679,160.9526259156127,4,62,0.0,0.0
sustained_down,单边下跌情景,diesel,public_rule,200,0.04575102703925177,92.05423196758413,162.48400700230133,1028.0146263313634,2,95,25,41,0.09521139450926856,0.029056116284234514,122.63469590995584,0.09104492048809679,160.9526259156127,4,62,49.74895162302519,42.8066293147351
sustained_down,单边下跌情景,gasoline,mechanism,200,0.08760707556626973,170.42972894762295,224.72468326252132,1291.6986194015658,6,24,62,71,0.2829336832897383,0.08787650945118716,0.0,0.08760707556626973,170.42972894762295,6,62,0.0,0.0
sustained_down,单边下跌情景,gasoline,public_rule,200,0.04397842754673306,96.24539058480786,166.6008804943312,1083.8097206202883,3,91,25,38,0.09227716085103392,0.024511651137032096,125.6518419055696,0.08760707556626973,170.42972894762295,6,62,49.80037027549687,43.52781572844822
sustained_up,单边上涨情景,diesel,mechanism,200,0.1166404750701578,225.9527406409466,310.3205621798405,1980.0402468432526,13,20,66,56,0.5404050471534919,0.05400346902954839,0.0,0.1166404750701578,225.9527406409466,13,66,0.0,0.0
sustained_up,单边上涨情景,diesel,public_rule,200,0.06713841661495669,141.566308015952,245.63692126094955,1645.865481384583,8,82,32,44,0.21551621269161492,0.024918167022789504,130.54306915073406,0.1166404750701578,225.9527406409466,13,66,42.4398635425878,37.34693918100779
sustained_up,单边上涨情景,gasoline,mechanism,200,0.11794528881653844,235.58136990867786,321.3483306401747,2044.4813700089976,14,17,68,48,0.5785503545364731,0.04224732186664725,0.0,0.11794528881653844,235.58136990867786,14,68,0.0,0.0
sustained_up,单边上涨情景,gasoline,public_rule,200,0.07251790043753012,149.991960203275,260.1218026211226,1699.6757748960672,12,86,32,42,0.25703043791031294,0.022102075705013102,127.84202274911219,0.11794528881653844,235.58136990867786,14,68,38.51564469833952,36.331145259313686
up_then_down,先涨后跌反转情景,diesel,mechanism,200,0.10474062256023876,216.6393099620009,282.8240599961623,1513.028427236503,11,21,64,57,0.45130382893668086,0.06152975238466741,0.0,0.10474062256023876,216.6393099620009,11,64,0.0,0.0
up_then_down,先涨后跌反转情景,diesel,public_rule,200,0.0630041586192448,135.25953785897832,224.5827449775677,1262.9695299800517,8,85,27,43,0.19303295387217276,0.025519958611364437,130.31644717855886,0.10474062256023876,216.6393099620009,11,64,39.84744688431688,37.56463779232717
up_then_down,先涨后跌反转情景,gasoline,mechanism,200,0.10547451805828682,226.48618790195434,294.0129989591447,1577.4695504022477,12,17,66,52,0.48625663279596176,0.04972192561015169,0.0,0.10547451805828682,226.48618790195434,12,66,0.0,0.0
up_then_down,先涨后跌反转情景,gasoline,public_rule,200,0.06622737928762466,142.0717756811504,235.88759214153157,1317.6526283981705,9,85,29,40,0.21762869972062882,0.022618201868462133,131.4485005252225,0.10547451805828682,226.48618790195434,12,66,37.210066936711286,37.2713289948378
