variable,loading,abs_loading
wti_m3_m6_spread,0.3698742109188,0.3698742109188
brent_m3_m6_spread,0.36769777788620894,0.36769777788620894
wti_m1_m6_spread,0.36647472656204966,0.36647472656204966
brent_m1_m6_spread,0.3587056955491931,0.3587056955491931
dubai_m3_m6_spread,0.35499503821468403,0.35499503821468403
wti_m1_m3_spread,0.3512887337532729,0.3512887337532729
brent_m1_m3_spread,0.3468288290571969,0.3468288290571969
log_brent_ma10,0.3329740479553662,0.3329740479553662
log_dubai_ma10,0.32568490634266223,0.32568490634266223
log_wti_ma10,0.325499022771748,0.325499022771748
dubai_m1_m6_spread,0.28006274496843764,0.28006274496843764
log_import_cny_per_ton,0.2633893911617924,0.2633893911617924
dubai_m1_m3_spread,0.2276457288892021,0.2276457288892021
log_import_tons,0.13734940883393482,0.13734940883393482
log_usd_cny_ma10,-0.004391752702307823,0.004391752702307823
