oil_proxy,fuel,threshold,max_lag,p,q,n,bic,r2,short_pos,short_neg,long_pos,long_neg,lr_short,p_short,lr_long,p_long,lr_both,p_both
raw_equal_spot_ma3,diesel,0.02,4,2,1,197,-979.8491467120015,0.7614744873234286,1.0627761626130203,1.247068722284021,0.645404374858752,0.6823857599531756,3.737815637141256,0.053193942663929544,10.200169825079366,0.0014042772103825,13.891131162394826,0.0009628955827262398
raw_equal_spot_ma3,diesel,0.02,8,2,1,197,-979.8491467120015,0.7614744873234286,1.0627761626130203,1.247068722284021,0.645404374858752,0.6823857599531756,3.737815637141256,0.053193942663929544,10.200169825079366,0.0014042772103825,13.891131162394826,0.0009628955827262398
raw_equal_spot_ma3,diesel,0.02,12,2,1,197,-979.8491467120015,0.7614744873234286,1.0627761626130203,1.247068722284021,0.645404374858752,0.6823857599531756,3.737815637141256,0.053193942663929544,10.200169825079366,0.0014042772103825,13.891131162394826,0.0009628955827262398
raw_equal_spot_ma3,diesel,0.01,4,3,1,196,-1052.6640523371339,0.8446554152710112,0.7666766523503732,0.8876226615898551,0.6229974406931494,0.6451596999396926,2.0439270357347796,0.15281469416808316,6.599293720215375,0.010201922827579613,8.515729620540942,0.014152488420188482
raw_equal_spot_ma3,diesel,0.01,8,3,1,196,-1052.6640523371339,0.8446554152710112,0.7666766523503732,0.8876226615898551,0.6229974406931494,0.6451596999396926,2.0439270357347796,0.15281469416808316,6.599293720215375,0.010201922827579613,8.515729620540942,0.014152488420188482
raw_equal_spot_ma3,diesel,0.01,12,3,1,196,-1052.6640523371339,0.8446554152710112,0.7666766523503732,0.8876226615898551,0.6229974406931494,0.6451596999396926,2.0439270357347796,0.15281469416808316,6.599293720215375,0.010201922827579613,8.515729620540942,0.014152488420188482
raw_equal_spot,diesel,0.01,4,1,1,198,-1193.3547469903992,0.9144141347036046,0.6308826160757661,0.761852985042715,0.6551099741932302,0.6706939838885332,7.113099138661361,0.007652270124258361,3.2112818831823473,0.07313216673361618,10.828988956384125,0.004451587618661685
raw_equal_spot,diesel,0.01,8,1,1,198,-1193.3547469903992,0.9144141347036046,0.6308826160757661,0.761852985042715,0.6551099741932302,0.6706939838885332,7.113099138661361,0.007652270124258361,3.2112818831823473,0.07313216673361618,10.828988956384125,0.004451587618661685
raw_equal_spot,diesel,0.01,12,1,1,198,-1193.3547469903992,0.9144141347036046,0.6308826160757661,0.761852985042715,0.6551099741932302,0.6706939838885332,7.113099138661361,0.007652270124258361,3.2112818831823473,0.07313216673361618,10.828988956384125,0.004451587618661685
kalman_index,diesel,0.02,4,1,1,198,-1139.0395369749472,0.8874002622149584,0.5757699667948772,0.6895793270838183,0.6753548481104406,0.691792470911182,4.4362445521081,0.03518355937557894,2.9503677539517232,0.0858580183283437,7.95551437540246,0.018727594750921134
kalman_index,diesel,0.02,8,1,1,198,-1139.0395369749472,0.8874002622149584,0.5757699667948772,0.6895793270838183,0.6753548481104406,0.691792470911182,4.4362445521081,0.03518355937557894,2.9503677539517232,0.0858580183283437,7.95551437540246,0.018727594750921134
kalman_index,diesel,0.02,12,1,1,198,-1139.0395369749472,0.8874002622149584,0.5757699667948772,0.6895793270838183,0.6753548481104406,0.691792470911182,4.4362445521081,0.03518355937557894,2.9503677539517232,0.0858580183283437,7.95551437540246,0.018727594750921134
kalman_index,diesel,0.01,4,1,1,198,-1169.8948325504402,0.9036483460442092,0.5847793121528893,0.6932970120951647,0.6404908937384887,0.6567088541474632,4.3068535301351645,0.037959109000990476,2.64591113126703,0.10381661999941826,7.440967678735174,0.0242222453341495
kalman_index,diesel,0.01,8,1,1,198,-1169.8948325504402,0.9036483460442092,0.5847793121528893,0.6932970120951647,0.6404908937384887,0.6567088541474632,4.3068535301351645,0.037959109000990476,2.64591113126703,0.10381661999941826,7.440967678735174,0.0242222453341495
kalman_index,diesel,0.01,12,1,1,198,-1169.8948325504402,0.9036483460442092,0.5847793121528893,0.6932970120951647,0.6404908937384887,0.6567088541474632,4.3068535301351645,0.037959109000990476,2.64591113126703,0.10381661999941826,7.440967678735174,0.0242222453341495
raw_equal_spot,diesel,0.0,4,1,1,198,-1201.7255685150433,0.917957019032315,0.6273929722915296,0.7669741242728095,0.6468655093320179,0.6597568948788539,8.271589827733989,0.004027022818823328,2.4104309900843304,0.1205291783317502,11.31633927035759,0.003488897011817913
raw_equal_spot,diesel,0.0,8,1,1,198,-1201.7255685150433,0.917957019032315,0.6273929722915296,0.7669741242728095,0.6468655093320179,0.6597568948788539,8.271589827733989,0.004027022818823328,2.4104309900843304,0.1205291783317502,11.31633927035759,0.003488897011817913
raw_equal_spot,diesel,0.0,12,1,1,198,-1201.7255685150433,0.917957019032315,0.6273929722915296,0.7669741242728095,0.6468655093320179,0.6597568948788539,8.271589827733989,0.004027022818823328,2.4104309900843304,0.1205291783317502,11.31633927035759,0.003488897011817913
kalman_index,diesel,0.0,4,1,1,198,-1175.9266418154855,0.9065393139632026,0.5848188464586115,0.6959940047963524,0.6364205661333067,0.6499891591666735,4.605140028635467,0.03187624994724569,2.173084647625424,0.14044427421320016,7.2841210670375185,0.02619830582382156
kalman_index,diesel,0.0,8,1,1,198,-1175.9266418154855,0.9065393139632026,0.5848188464586115,0.6959940047963524,0.6364205661333067,0.6499891591666735,4.605140028635467,0.03187624994724569,2.173084647625424,0.14044427421320016,7.2841210670375185,0.02619830582382156
kalman_index,diesel,0.0,12,1,1,198,-1175.9266418154855,0.9065393139632026,0.5848188464586115,0.6959940047963524,0.6364205661333067,0.6499891591666735,4.605140028635467,0.03187624994724569,2.173084647625424,0.14044427421320016,7.2841210670375185,0.02619830582382156
raw_equal_spot,diesel,0.03,4,1,0,198,-1108.7849532843006,0.86161257857473,0.47694226760274755,0.587145825588465,0.7270691352170684,0.6951434618156094,6.746266755307728,0.009394405056765904,1.556053491644189,0.21224400181708544,7.795920234239808,0.02028324471760714
raw_equal_spot,diesel,0.03,8,1,0,198,-1108.7849532843006,0.86161257857473,0.47694226760274755,0.587145825588465,0.7270691352170684,0.6951434618156094,6.746266755307728,0.009394405056765904,1.556053491644189,0.21224400181708544,7.795920234239808,0.02028324471760714
raw_equal_spot,diesel,0.03,12,1,0,198,-1108.7849532843006,0.86161257857473,0.47694226760274755,0.587145825588465,0.7270691352170684,0.6951434618156094,6.746266755307728,0.009394405056765904,1.556053491644189,0.21224400181708544,7.795920234239808,0.02028324471760714
kalman_index,diesel,0.03,4,1,1,198,-1106.4789488986198,0.867274006811074,0.6023299172778596,0.7263434833235407,0.8069321193268216,0.8722547347184924,5.087542034791605,0.024098324061847965,1.481452198436832,0.2235474505489306,6.808577006591681,0.033230455032132185
kalman_index,diesel,0.03,8,1,1,198,-1106.4789488986198,0.867274006811074,0.6023299172778596,0.7263434833235407,0.8069321193268216,0.8722547347184924,5.087542034791605,0.024098324061847965,1.481452198436832,0.2235474505489306,6.808577006591681,0.033230455032132185
kalman_index,diesel,0.03,12,1,1,198,-1106.4789488986198,0.867274006811074,0.6023299172778596,0.7263434833235407,0.8069321193268216,0.8722547347184924,5.087542034791605,0.024098324061847965,1.481452198436832,0.2235474505489306,6.808577006591681,0.033230455032132185
raw_equal_spot_ma3,diesel,0.0,4,3,3,196,-1089.7754608644098,0.884579125035405,0.6179253807082474,0.9030834937666896,0.6152728563599091,0.6236642775102365,7.554482928518639,0.0059860971748794765,0.7982700246896376,0.37161110752001314,8.609437699508145,0.01350468185273445
raw_equal_spot_ma3,diesel,0.0,8,3,3,196,-1089.7754608644098,0.884579125035405,0.6179253807082474,0.9030834937666896,0.6152728563599091,0.6236642775102365,7.554482928518639,0.0059860971748794765,0.7982700246896376,0.37161110752001314,8.609437699508145,0.01350468185273445
raw_equal_spot_ma3,diesel,0.0,12,3,3,196,-1089.7754608644098,0.884579125035405,0.6179253807082474,0.9030834937666896,0.6152728563599091,0.6236642775102365,7.554482928518639,0.0059860971748794765,0.7982700246896376,0.37161110752001314,8.609437699508145,0.01350468185273445
raw_equal_spot_ma3,diesel,0.03,4,2,1,197,-913.0546249845814,0.6651995234760519,0.8923177664250519,1.0204133905903459,0.5930866456959324,0.6060681849474366,1.3957968953836946,0.23742857690920793,0.5397420144062643,0.462539663703325,2.0722467422300226,0.35482755392663734
raw_equal_spot_ma3,diesel,0.03,8,2,1,197,-913.0546249845814,0.6651995234760519,0.8923177664250519,1.0204133905903459,0.5930866456959324,0.6060681849474366,1.3957968953836946,0.23742857690920793,0.5397420144062643,0.462539663703325,2.0722467422300226,0.35482755392663734
raw_equal_spot_ma3,diesel,0.03,12,2,1,197,-913.0546249845814,0.6651995234760519,0.8923177664250519,1.0204133905903459,0.5930866456959324,0.6060681849474366,1.3957968953836946,0.23742857690920793,0.5397420144062643,0.462539663703325,2.0722467422300226,0.35482755392663734
raw_equal_spot,diesel,0.02,4,1,1,198,-1178.8285482512315,0.9078990936112119,0.6219658689816596,0.7694667901301362,0.6803384957333516,0.6836692302783682,8.75417862489466,0.003088934639891761,0.14381715128104006,0.7045153542677933,9.333049560596557,0.009404896883495079
raw_equal_spot,diesel,0.02,8,1,1,198,-1178.8285482512315,0.9078990936112119,0.6219658689816596,0.7694667901301362,0.6803384957333516,0.6836692302783682,8.75417862489466,0.003088934639891761,0.14381715128104006,0.7045153542677933,9.333049560596557,0.009404896883495079
raw_equal_spot,diesel,0.02,12,1,1,198,-1178.8285482512315,0.9078990936112119,0.6219658689816596,0.7694667901301362,0.6803384957333516,0.6836692302783682,8.75417862489466,0.003088934639891761,0.14381715128104006,0.7045153542677933,9.333049560596557,0.009404896883495079
raw_equal_spot_ma3,gasoline,0.02,4,2,1,197,-1033.7411099990536,0.7733783684950875,0.9862871301346631,1.1640369286137882,0.592140551176094,0.6280567530922652,4.566291727071909,0.03260707555938377,12.017128662869654,0.000527138487205991,16.442065033675735,0.0002689372392726396
raw_equal_spot_ma3,gasoline,0.02,8,2,1,197,-1033.7411099990536,0.7733783684950875,0.9862871301346631,1.1640369286137882,0.592140551176094,0.6280567530922652,4.566291727071909,0.03260707555938377,12.017128662869654,0.000527138487205991,16.442065033675735,0.0002689372392726396
raw_equal_spot_ma3,gasoline,0.02,12,2,1,197,-1033.7411099990536,0.7733783684950875,0.9862871301346631,1.1640369286137882,0.592140551176094,0.6280567530922652,4.566291727071909,0.03260707555938377,12.017128662869654,0.000527138487205991,16.442065033675735,0.0002689372392726396
raw_equal_spot_ma3,gasoline,0.01,4,3,1,196,-1123.9636851148066,0.8651567594352129,0.6629688378857812,0.7693927429844181,0.5680333891570254,0.5893529007721716,2.2609967485134295,0.13266864631891417,7.4257894751163915,0.0064295609880754764,9.44473748532379,0.00889408577621069
raw_equal_spot_ma3,gasoline,0.01,8,3,1,196,-1123.9636851148066,0.8651567594352129,0.6629688378857812,0.7693927429844181,0.5680333891570254,0.5893529007721716,2.2609967485134295,0.13266864631891417,7.4257894751163915,0.0064295609880754764,9.44473748532379,0.00889408577621069
raw_equal_spot_ma3,gasoline,0.01,12,3,1,196,-1123.9636851148066,0.8651567594352129,0.6629688378857812,0.7693927429844181,0.5680333891570254,0.5893529007721716,2.2609967485134295,0.13266864631891417,7.4257894751163915,0.0064295609880754764,9.44473748532379,0.00889408577621069
raw_equal_spot,gasoline,0.01,4,1,1,198,-1276.2223440993967,0.9296552656540626,0.5644410192094258,0.6625866943710637,0.612145953471144,0.6294700574603179,6.119317544771437,0.013371241310186542,4.114734801469759,0.04251118973545677,10.654008935325026,0.004858602335771434
raw_equal_spot,gasoline,0.01,8,1,1,198,-1276.2223440993967,0.9296552656540626,0.5644410192094258,0.6625866943710637,0.612145953471144,0.6294700574603179,6.119317544771437,0.013371241310186542,4.114734801469759,0.04251118973545677,10.654008935325026,0.004858602335771434
raw_equal_spot,gasoline,0.01,12,1,1,198,-1276.2223440993967,0.9296552656540626,0.5644410192094258,0.6625866943710637,0.612145953471144,0.6294700574603179,6.119317544771437,0.013371241310186542,4.114734801469759,0.04251118973545677,10.654008935325026,0.004858602335771434
kalman_index,gasoline,0.02,4,1,1,198,-1216.8394500401664,0.9050527439699695,0.5035942374785953,0.5895414283311352,0.6213799195867331,0.6384099265321466,3.7728683526710816,0.05209023378718541,3.53966406127983,0.05991759546488844,7.838158451029872,0.019859372331643293
kalman_index,gasoline,0.02,8,1,1,198,-1216.8394500401664,0.9050527439699695,0.5035942374785953,0.5895414283311352,0.6213799195867331,0.6384099265321466,3.7728683526710816,0.05209023378718541,3.53966406127983,0.05991759546488844,7.838158451029872,0.019859372331643293
kalman_index,gasoline,0.02,12,1,1,198,-1216.8394500401664,0.9050527439699695,0.5035942374785953,0.5895414283311352,0.6213799195867331,0.6384099265321466,3.7728683526710816,0.05209023378718541,3.53966406127983,0.05991759546488844,7.838158451029872,0.019859372331643293
raw_equal_spot,gasoline,0.0,4,1,1,198,-1284.6508304141234,0.9325868691500304,0.5609364517269081,0.6659868161402653,0.6034941773868068,0.6181120944368103,7.175316908935663,0.007391339023889358,3.231343754299749,0.07224138902943789,10.973032918860751,0.004142248761817423
raw_equal_spot,gasoline,0.0,8,1,1,198,-1284.6508304141234,0.9325868691500304,0.5609364517269081,0.6659868161402653,0.6034941773868068,0.6181120944368103,7.175316908935663,0.007391339023889358,3.231343754299749,0.07224138902943789,10.973032918860751,0.004142248761817423
raw_equal_spot,gasoline,0.0,12,1,1,198,-1284.6508304141234,0.9325868691500304,0.5609364517269081,0.6659868161402653,0.6034941773868068,0.6181120944368103,7.175316908935663,0.007391339023889358,3.231343754299749,0.07224138902943789,10.973032918860751,0.004142248761817423
kalman_index,gasoline,0.01,4,1,1,198,-1250.6612646970614,0.9199617782866493,0.5052793047470453,0.5898238096521881,0.591062420665447,0.6077532242123027,3.9554603492375353,0.046719537772906834,3.0381073464855053,0.08133069123817538,7.457016035961662,0.02402865943380247
kalman_index,gasoline,0.01,8,1,1,198,-1250.6612646970614,0.9199617782866493,0.5052793047470453,0.5898238096521881,0.591062420665447,0.6077532242123027,3.9554603492375353,0.046719537772906834,3.0381073464855053,0.08133069123817538,7.457016035961662,0.02402865943380247
kalman_index,gasoline,0.01,12,1,1,198,-1250.6612646970614,0.9199617782866493,0.5052793047470453,0.5898238096521881,0.591062420665447,0.6077532242123027,3.9554603492375353,0.046719537772906834,3.0381073464855053,0.08133069123817538,7.457016035961662,0.02402865943380247
kalman_index,gasoline,0.0,4,1,1,198,-1254.9263771019323,0.9216674425719963,0.5067415220137905,0.5921549848178842,0.5862173730057216,0.600293914972788,4.076527705879175,0.04348292877247186,2.573199340484218,0.10868771642706564,7.125029068336525,0.028367404150091792
kalman_index,gasoline,0.0,8,1,1,198,-1254.9263771019323,0.9216674425719963,0.5067415220137905,0.5921549848178842,0.5862173730057216,0.600293914972788,4.076527705879175,0.04348292877247186,2.573199340484218,0.10868771642706564,7.125029068336525,0.028367404150091792
kalman_index,gasoline,0.0,12,1,1,198,-1254.9263771019323,0.9216674425719963,0.5067415220137905,0.5921549848178842,0.5862173730057216,0.600293914972788,4.076527705879175,0.04348292877247186,2.573199340484218,0.10868771642706564,7.125029068336525,0.028367404150091792
raw_equal_spot_ma3,gasoline,0.0,4,3,1,196,-1160.4841305675968,0.8880800236088433,0.6508317906668314,0.7687634519809579,0.5809222993569451,0.5955926773727609,3.0317553377279762,0.08164963940732108,2.1061662353276898,0.14670645394734422,5.125264774560882,0.07710151203313528
raw_equal_spot_ma3,gasoline,0.0,8,3,1,196,-1160.4841305675968,0.8880800236088433,0.6508317906668314,0.7687634519809579,0.5809222993569451,0.5955926773727609,3.0317553377279762,0.08164963940732108,2.1061662353276898,0.14670645394734422,5.125264774560882,0.07710151203313528
raw_equal_spot_ma3,gasoline,0.0,12,3,1,196,-1160.4841305675968,0.8880800236088433,0.6508317906668314,0.7687634519809579,0.5809222993569451,0.5955926773727609,3.0317553377279762,0.08164963940732108,2.1061662353276898,0.14670645394734422,5.125264774560882,0.07710151203313528
kalman_index,gasoline,0.03,4,1,1,198,-1179.0578629727231,0.8850913305619705,0.5243740407855506,0.6225274908927529,0.7611217522723938,0.8335009815178833,4.615273501952672,0.03168844144701019,1.7917523623345473,0.18071280076151663,6.60181822672758,0.03684965165797005
kalman_index,gasoline,0.03,8,1,1,198,-1179.0578629727231,0.8850913305619705,0.5243740407855506,0.6225274908927529,0.7611217522723938,0.8335009815178833,4.615273501952672,0.03168844144701019,1.7917523623345473,0.18071280076151663,6.60181822672758,0.03684965165797005
kalman_index,gasoline,0.03,12,1,1,198,-1179.0578629727231,0.8850913305619705,0.5243740407855506,0.6225274908927529,0.7611217522723938,0.8335009815178833,4.615273501952672,0.03168844144701019,1.7917523623345473,0.18071280076151663,6.60181822672758,0.03684965165797005
raw_equal_spot,gasoline,0.03,4,1,0,198,-1184.7522699494607,0.8822227838130289,0.43586870932667515,0.5278038163074583,0.6752695412950606,0.6505743654593416,6.894930303169298,0.0086440532986205,0.9233395300974927,0.33659964582238966,7.467337142296306,0.02390497766690564
raw_equal_spot,gasoline,0.03,8,1,0,198,-1184.7522699494607,0.8822227838130289,0.43586870932667515,0.5278038163074583,0.6752695412950606,0.6505743654593416,6.894930303169298,0.0086440532986205,0.9233395300974927,0.33659964582238966,7.467337142296306,0.02390497766690564
raw_equal_spot,gasoline,0.03,12,1,0,198,-1184.7522699494607,0.8822227838130289,0.43586870932667515,0.5278038163074583,0.6752695412950606,0.6505743654593416,6.894930303169298,0.0086440532986205,0.9233395300974927,0.33659964582238966,7.467337142296306,0.02390497766690564
raw_equal_spot_ma3,gasoline,0.03,4,2,1,197,-961.2448792731474,0.6725671563725537,0.8196892521580139,0.9445042170826212,0.5444191488379102,0.55828904040955,1.693452615030984,0.19314646314550799,0.7428749693552119,0.38874147651621715,2.595973843981031,0.27308097337943105
raw_equal_spot_ma3,gasoline,0.03,8,2,1,197,-961.2448792731474,0.6725671563725537,0.8196892521580139,0.9445042170826212,0.5444191488379102,0.55828904040955,1.693452615030984,0.19314646314550799,0.7428749693552119,0.38874147651621715,2.595973843981031,0.27308097337943105
raw_equal_spot_ma3,gasoline,0.03,12,2,1,197,-961.2448792731474,0.6725671563725537,0.8196892521580139,0.9445042170826212,0.5444191488379102,0.55828904040955,1.693452615030984,0.19314646314550799,0.7428749693552119,0.38874147651621715,2.595973843981031,0.27308097337943105
raw_equal_spot,gasoline,0.02,4,1,1,198,-1257.0033227553854,0.9224848271629177,0.5612529605945041,0.6733195696727761,0.632116195276766,0.6379039814561036,7.563083804047234,0.005957596295054235,0.47057968900885827,0.49272060533020934,8.559140733224424,0.013848610634043539
raw_equal_spot,gasoline,0.02,8,1,1,198,-1257.0033227553854,0.9224848271629177,0.5612529605945041,0.6733195696727761,0.632116195276766,0.6379039814561036,7.563083804047234,0.005957596295054235,0.47057968900885827,0.49272060533020934,8.559140733224424,0.013848610634043539
raw_equal_spot,gasoline,0.02,12,1,1,198,-1257.0033227553854,0.9224848271629177,0.5612529605945041,0.6733195696727761,0.632116195276766,0.6379039814561036,7.563083804047234,0.005957596295054235,0.47057968900885827,0.49272060533020934,8.559140733224424,0.013848610634043539
