high_cutoff,fuel,fuel_cn,zone,zone_cn,zone_window_count_full,zone_window_count_regression,n_y_lag,p_pos_lag,q_neg_lag,n_regression,model_bic,model_r2,rho,available,phi_pos,phi_neg,long_pos,long_neg,wald_stat,wald_pvalue,decision_5pct,direction_note
90.0,gasoline,汽油,floor,低油价区间（MAT<=40）,3,3,1,0,1,198,-1245.2336700789774,0.9240715744105185,-0.06727130989052887,True,0.15804671410498145,0.15718936712686016,2.3493925473158184,2.3366479318249582,0.07550566885466452,0.7837879730237299,不能拒绝对称,不能拒绝对称。
90.0,gasoline,汽油,norm,中常油价区间（40<MAT<90）,174,172,1,0,1,198,-1245.2336700789774,0.9240715744105185,-0.06727130989052887,True,0.04103862061464263,0.042036219248632496,0.6100464028636442,0.6248758841925088,2.7160056727929986,0.10103451872074819,不能拒绝对称,不能拒绝对称。
90.0,gasoline,汽油,high,经验高油价压力区间（MAT>=90）,23,23,1,0,1,198,-1245.2336700789774,0.9240715744105185,-0.06727130989052887,True,0.03896450697872035,0.03969515094886894,0.579214334344427,0.590075487060757,0.0881023245904744,0.7669348585667884,不能拒绝对称,不能拒绝对称。
90.0,diesel,柴油,floor,低油价区间（MAT<=40）,3,3,1,0,1,198,-1161.933361269736,0.907418554064726,-0.08885366636132772,True,0.16883784980127045,0.168410360501283,1.9001787626262174,1.8953676015622603,0.01232244656720691,0.9117308709691347,不能拒绝对称,不能拒绝对称。
90.0,diesel,柴油,norm,中常油价区间（40<MAT<90）,174,172,1,0,1,198,-1161.933361269736,0.907418554064726,-0.08885366636132772,True,0.0575274924455411,0.05858312616978431,0.6474408406694528,0.6593214277906463,1.989674952938917,0.16004509121105143,不能拒绝对称,不能拒绝对称。
90.0,diesel,柴油,high,经验高油价压力区间（MAT>=90）,23,23,1,0,1,198,-1161.933361269736,0.907418554064726,-0.08885366636132772,True,0.05303428759062576,0.05333306871832872,0.5968722480731327,0.6002348682095708,0.009658319531922541,0.9218183675145141,不能拒绝对称,不能拒绝对称。
95.0,gasoline,汽油,floor,低油价区间（MAT<=40）,3,3,1,0,1,198,-1249.5714225453721,0.9257169135453978,-0.08313223721200591,True,0.16020965852766653,0.15870777921813145,1.9271664507126862,1.9091003026105373,0.23799531496287002,0.6262323224260941,不能拒绝对称,不能拒绝对称。
95.0,gasoline,汽油,norm,中常油价区间（40<MAT<95）,179,177,1,0,1,198,-1249.5714225453721,0.9257169135453978,-0.08313223721200591,True,0.0536534149212948,0.054765545022359065,0.6453984244940566,0.6587762684973172,3.4711509649305263,0.06402440613873875,不能拒绝对称,不能拒绝对称。
95.0,gasoline,汽油,high,经验高油价压力区间（MAT>=95）,18,18,1,0,1,198,-1249.5714225453721,0.9257169135453978,-0.08313223721200591,True,0.051093194877801756,0.05363941645203614,0.6146014661857664,0.6452300365169238,0.9165507365104201,0.3396249856064663,不能拒绝对称,不能拒绝对称。
95.0,diesel,柴油,floor,低油价区间（MAT<=40）,3,3,1,0,1,198,-1165.7513599023337,0.9091866835012381,-0.10537393473499394,True,0.1715411402622444,0.17040100352953017,1.627927634036397,1.6171077217347298,0.0897881315679797,0.7647812606136422,不能拒绝对称,不能拒绝对称。
95.0,diesel,柴油,norm,中常油价区间（40<MAT<95）,179,177,1,0,1,198,-1165.7513599023337,0.9091866835012381,-0.10537393473499394,True,0.07181044213300702,0.07297756732535951,0.6814820222249828,0.6925580553567786,2.4931976256434227,0.11603833586145562,不能拒绝对称,不能拒绝对称。
95.0,diesel,柴油,high,经验高油价压力区间（MAT>=95）,18,18,1,0,1,198,-1165.7513599023337,0.9091866835012381,-0.10537393473499394,True,0.06687655653389994,0.06920928985358278,0.6346593842404056,0.6567970535373665,0.5047050330680085,0.4783298360457886,不能拒绝对称,不能拒绝对称。
100.0,gasoline,汽油,floor,低油价区间（MAT<=40）,3,3,1,0,1,198,-1247.2278900184092,0.9248324734342481,-0.07523530983463074,True,0.15783455507503416,0.15660766252370759,2.0978787144222415,2.0815713109700154,0.1572537070542094,0.6921522368013672,不能拒绝对称,不能拒绝对称。
100.0,gasoline,汽油,norm,中常油价区间（40<MAT<100）,181,179,1,0,1,198,-1247.2278900184092,0.9248324734342481,-0.07523530983463074,True,0.047560510301731404,0.04860299052049968,0.6321567679626854,0.6460130306810774,3.0308554484393033,0.08334850449468022,不能拒绝对称,不能拒绝对称。
100.0,gasoline,汽油,high,经验高油价压力区间（MAT>=100）,16,16,1,0,1,198,-1247.2278900184092,0.9248324734342481,-0.07523530983463074,True,0.046090523029755595,0.0482004756889362,0.6126182391095859,0.6406629519421421,0.622752407905556,0.4310310661070368,不能拒绝对称,不能拒绝对称。
100.0,diesel,柴油,floor,低油价区间（MAT<=40）,3,3,1,0,1,198,-1163.6428330983358,0.9082144334994378,-0.0967320009353147,True,0.16842742001390454,0.16760891307675507,1.7411758093015466,1.732714215111049,0.04587476121979143,0.8306382393926234,不能拒绝对称,不能拒绝对称。
100.0,diesel,柴油,norm,中常油价区间（40<MAT<100）,181,179,1,0,1,198,-1163.6428330983358,0.9082144334994378,-0.0967320009353147,True,0.0645324316970016,0.06562375377791692,0.667125988018741,0.6784079016601748,2.1671633544869833,0.1426761017312094,不能拒绝对称,不能拒绝对称。
100.0,diesel,柴油,high,经验高油价压力区间（MAT>=100）,16,16,1,0,1,198,-1163.6428330983358,0.9082144334994378,-0.0967320009353147,True,0.060938280265129444,0.06278700684493937,0.6299702236685795,0.6490820642377225,0.3139850639994975,0.5759193144015,不能拒绝对称,不能拒绝对称。
105.0,gasoline,汽油,floor,低油价区间（MAT<=40）,3,3,1,0,1,198,-1250.8855705445533,0.9262083061261184,-0.07184741889471224,True,0.1589086429329835,0.1576879584947874,2.211751589376563,2.194761634038224,0.15874793963101166,0.6907688712465437,不能拒绝对称,不能拒绝对称。
105.0,gasoline,汽油,norm,中常油价区间（40<MAT<105）,185,183,1,0,1,198,-1250.8855705445533,0.9262083061261184,-0.07184741889471224,True,0.0445440099006068,0.045407193987877306,0.619980656032796,0.6319947840355771,2.1513963924930763,0.14412900100450896,不能拒绝对称,不能拒绝对称。
105.0,gasoline,汽油,high,经验高油价压力区间（MAT>=105）,12,12,1,0,1,198,-1250.8855705445533,0.9262083061261184,-0.07184741889471224,True,0.0603949878668756,0.06746783229887218,0.8406006617354002,0.9390432299000461,5.147525321557356,0.024428016591816072,拒绝对称,拒绝对称，且下跌传导更强。
105.0,diesel,柴油,floor,低油价区间（MAT<=40）,3,3,1,0,1,198,-1166.0329978177379,0.9093157657820874,-0.09221999229702402,True,0.16880824245420384,0.1680154467980923,1.8304950830022066,1.8218982957290297,0.043612839373427296,0.8348041140777672,不能拒绝对称,不能拒绝对称。
105.0,diesel,柴油,norm,中常油价区间（40<MAT<105）,185,183,1,0,1,198,-1166.0329978177379,0.9093157657820874,-0.09221999229702402,True,0.06031349514026517,0.06119499130340846,0.6540175686201127,0.6635761918772493,1.4505103907692665,0.22997638821719488,不能拒绝对称,不能拒绝对称。
105.0,diesel,柴油,high,经验高油价压力区间（MAT>=105）,12,12,1,0,1,198,-1166.0329978177379,0.9093157657820874,-0.09221999229702402,True,0.07617720275666293,0.08349480174435503,0.8260378347388042,0.9053872123024396,3.5929548008184264,0.05957579612862355,不能拒绝对称,不能拒绝对称。
110.0,gasoline,汽油,floor,低油价区间（MAT<=40）,3,3,1,0,1,198,-1247.9894578240423,0.9251210351421766,-0.06647853036498237,True,0.159052264346085,0.15793367504778488,2.3925358077690886,2.3757094836587513,0.1315999431594226,0.7171907905750504,不能拒绝对称,不能拒绝对称。
110.0,gasoline,汽油,norm,中常油价区间（40<MAT<110）,189,187,1,0,1,198,-1247.9894578240423,0.9251210351421766,-0.06647853036498237,True,0.04094712509242005,0.0418592804241879,0.6159451008861199,0.6296661522806063,2.410182148691593,0.12224818949282293,不能拒绝对称,不能拒绝对称。
110.0,gasoline,汽油,high,经验高油价压力区间（MAT>=110）,8,8,1,0,1,198,-1247.9894578240423,0.9251210351421766,-0.06647853036498237,True,0.05313159307570005,0.058967607202906565,0.7992293569667593,0.8870173103881942,2.7650616118658133,0.09802713068108951,不能拒绝对称,不能拒绝对称。
110.0,diesel,柴油,floor,低油价区间（MAT<=40）,3,3,1,0,1,198,-1163.9411148297856,0.9083526019134132,-0.08602105133714733,True,0.1681081425197679,0.16744894259430848,1.9542674718179374,1.946604232236317,0.02988847621348524,0.8629315037302085,不能拒绝对称,不能拒绝对称。
110.0,diesel,柴油,norm,中常油价区间（40<MAT<110）,189,187,1,0,1,198,-1163.9411148297856,0.9083526019134132,-0.08602105133714733,True,0.055686821790865315,0.05660849577617039,0.6473627202323848,0.6580772368649787,1.5949603405849149,0.2081997816260266,不能拒绝对称,不能拒绝对称。
110.0,diesel,柴油,high,经验高油价压力区间（MAT>=110）,8,8,1,0,1,198,-1163.9411148297856,0.9083526019134132,-0.08602105133714733,True,0.06906447329232193,0.07538638346583919,0.8028787397823529,0.8763713334585151,2.1215869843809516,0.14692199768570113,不能拒绝对称,不能拒绝对称。
115.0,gasoline,汽油,floor,低油价区间（MAT<=40）,3,3,1,0,1,198,-1252.6492586352713,0.9268626880060022,-0.05734110755434626,True,0.15859386394915215,0.15739032669041372,2.7657970121843465,2.7448079293069756,0.15699117877482785,0.6923960716101659,不能拒绝对称,不能拒绝对称。
115.0,gasoline,汽油,norm,中常油价区间（40<MAT<115）,194,192,1,0,1,198,-1252.6492586352713,0.9268626880060022,-0.05734110755434626,True,0.03633961569265696,0.03723534435056703,0.6337445724817107,0.6493656285811438,2.4254720610581866,0.12107713986958459,不能拒绝对称,不能拒绝对称。
115.0,gasoline,汽油,high,经验高油价压力区间（MAT>=115）,3,3,1,0,1,198,-1252.6492586352713,0.9268626880060022,-0.05734110755434626,True,0.05796636028828374,0.06895584996385355,1.0109040923798844,1.202555250585266,4.907819310811994,0.027948994769764514,拒绝对称,拒绝对称，且下跌传导更强。
115.0,diesel,柴油,floor,低油价区间（MAT<=40）,3,3,1,0,1,198,-1166.3020377913065,0.9094389027308001,-0.07834302609378894,True,0.16659711363316376,0.16590656848245813,2.1265085348339845,2.117694155493073,0.033408681237403426,0.8551693873422017,不能拒绝对称,不能拒绝对称。
115.0,diesel,柴油,norm,中常油价区间（40<MAT<115）,194,192,1,0,1,198,-1166.3020377913065,0.9094389027308001,-0.07834302609378894,True,0.05128280950971129,0.05220245660717079,0.6545931663185653,0.6663318895121082,1.6364319816661657,0.2024092687037381,不能拒绝对称,不能拒绝对称。
115.0,diesel,柴油,high,经验高油价压力区间（MAT>=115）,3,3,1,0,1,198,-1166.3020377913065,0.9094389027308001,-0.07834302609378894,True,0.07189676186690237,0.08247305274460803,0.9177174466152306,1.052717221388344,2.970243675581007,0.08647083870968311,不能拒绝对称,不能拒绝对称。
