month,gasoline_output,gasoline_import,gasoline_export,gasoline_apparent_consumption,diesel_output,diesel_import,diesel_export,diesel_apparent_consumption
2016-01,1096.1,8.4484553,59.1652734,1045.3831819,1474.5,14.5011308,72.8450292,1416.1561016
2016-02,1096.1,11.4291961,60.0860883,1047.4431077999998,1474.5,3.32376,79.3222559,1398.5015041
2016-03,1096.1,0.5882451,67.0130612,1029.6751838999999,1474.5,18.5069388,125.0429413,1367.9639975
2016-04,1090.1,0.2771275,70.782536,1019.5945915,1461.4,0.0040784,124.339576,1337.0645024
2016-05,1056.6,9.12e-05,77.7938509,978.8062402999999,1452.2,4.0618255,147.7201012,1308.5417243
2016-06,1100.5,0.0077882,110.1142057,990.3935825000001,1457.3,19.0057936,109.7177048,1366.5880888
2016-07,1054.2,0.0021556,96.5847829,957.6173727,1473.5,0.0063939,153.3134333,1320.1929605999999
2016-08,1053.3,0.00424175,67.1472799,986.1569618499998,1442.8,7.1717095,106.4939067,1343.4778027999998
2016-09,1011.8,0.0063279,84.0832714,927.7230565,1438.4,12.9533342,160.3479227,1291.0054115
2016-10,1119.3,0.0058631,87.0648935,1032.2409696,1554.7,0.0341879,135.4429102,1419.2912777000001
2016-11,1060.5,0.00146,93.7918853,966.7095747,1526.8,1.4005239,147.2297527,1380.9707712
2016-12,1123.4,0.0032031,95.6607661,1027.742437,1584.6,10.5939963,178.4319581,1416.7620382
2017-01,1123.4666666666667,0.0014861,59.8907519,1063.5774008666667,1575.0333333333333,8.3387085,96.4417431,1486.9302987333333
2017-02,1123.5333333333333,0.7245288,106.0586595,1018.1992026333332,1565.4666666666667,5.0444432,132.1211174,1438.3899924666666
2017-03,1123.6,0.8888175,83.5083921,1040.9804253999998,1555.9,9.3760797,191.2710423,1374.0050374
2017-04,1046.3,1.29e-05,91.011077,955.2889359,1455.0,11.3414559,122.7167475,1343.6247084000001
2017-05,1113.5,1.61e-05,63.9222263,1049.5777898000001,1514.9,11.1715995,123.1234127,1402.9481868
2017-06,1102.0,0.0030101,73.2090941,1028.793916,1511.6,4.2959132,130.8188994,1385.0770138
2017-07,1058.3,0.0035472,102.1968126,956.1067345999999,1476.5,0.084089,139.6248902,1336.9591988
2017-08,1077.6,0.0085372,90.7344074,986.8741298,1488.6,8.046997,147.0945447,1349.5524523
2017-09,1145.9,0.0062504,56.8423948,1089.0638556000001,1597.6,4.1374533,118.3856985,1483.3517548
2017-10,1166.1,0.003721,96.8584994,1069.2452216,1644.2,12.4011609,120.8346438,1535.7665170999999
2017-11,1142.8,0.0029321,104.1492342,1038.6536979,1592.2,0.1113573,197.4158071,1394.8955502000001
2017-12,1114.0,0.0019888,123.0273674,990.9746213999999,1593.2,0.3831812,199.4323457,1394.1508355
2018-01,1138.8,0.001496,99.6190472,1039.1824488,1582.3,0.6323037,128.4402909,1454.4920127999999
2018-02,1163.6000000000001,3.9908845,87.0239675,1080.566917,1571.4,10.9985447,104.2298642,1478.1686805
2018-03,1188.4,0.0025623,169.8767918,1018.5257705,1560.5,3.9651065,237.5383853,1326.9267212
2018-04,1148.1,0.002854,121.216959,1026.885895,1482.5,0.5792496,182.3643221,1300.7149275
2018-05,1145.5,0.0019591,147.2167404,998.2852187000001,1514.4,0.3137883,200.1714733,1314.5423150000001
2018-06,1142.8,0.001496,118.4003164,1024.4011796,1483.1,0.2328765,161.2756669,1322.0572095999999
2018-07,1188.9,8.65e-05,89.2872415,1099.612845,1445.8,8.1352407,153.5821136,1300.3531271
2018-08,1146.3,8.1375257,126.233147,1028.2043787,1454.5,4.5136909,158.0454366,1300.9682543000001
2018-09,1172.1,0.003579,73.3637419,1098.7398371,1453.5,7.3837809,102.8374759,1358.0463049999998
2018-10,1239.8,16.4008436,64.6006905,1191.6001531,1492.6,10.890698,144.4819467,1359.0087512999999
2018-11,1200.9,7.0635453,63.3212516,1144.6422937,1467.4,13.0562396,123.383849,1357.0723906
2018-12,1188.9,8.936627,127.7751833,1070.0614437000002,1472.0,10.4164534,156.8934796,1325.5229737999998
2019-01,1194.9333333333334,0.001522,151.5582326,1043.3766227333335,1437.5,14.9493578,183.6649531,1268.7844046999999
2019-02,1200.9666666666667,3.7270816,55.4835254,1149.2102228666668,1403.0,8.354961,151.291846,1260.063115
2019-03,1207.0,7.4526412,168.5309546,1045.9216866,1368.5,7.4110257,271.2080444,1104.7029813
2019-04,1158.2,0.0042552,117.4940433,1040.7102119,1320.7,24.1878339,260.2237771,1084.6640568
2019-05,1168.2,3.5532971,84.8666477,1086.8866494000001,1318.1,1.0227935,124.3736819,1194.7491115999999
2019-06,1117.3,3.7718412,99.8845617,1021.1872794999999,1300.5,13.559796,207.2080893,1106.8517067
2019-07,1140.3,2.8289956,155.8852181,987.2437775000001,1356.0,7.6242751,157.5379382,1206.0863368999999
2019-08,1150.0,3.09172585,105.7120145,1047.3797113500002,1351.4,12.3767746,131.6450894,1232.1316852000002
2019-09,1196.9,3.3544561,167.2889498,1032.9655063000002,1445.0,11.9409338,147.792074,1309.1488598
2019-10,1251.7,5.0260114,173.1183888,1083.6076226,1474.4,3.3976085,118.8090368,1358.9885717
2019-11,1185.7,3.7408173,183.6064096,1005.8344076999999,1440.4,7.2208562,221.3342221,1226.2866341000001
2019-12,1222.3,3.6035832,173.633235,1052.2703482,1469.4,6.9712921,163.1686338,1313.2026583000002
2020-01,1129.2,13.2168145,115.7470392,1026.6697753,1392.2666666666667,5.4375053,185.2322633,1212.4719086666669
2020-02,1036.1,9.537327,156.4147029,889.2226240999998,1315.1333333333334,11.6548702,161.5080973,1165.2801062333335
2020-03,943.0,5.8578395,182.1402214,766.7176181,1238.0,2.1786492,282.7591721,957.4194771000001
2020-04,1004.0,4.642196,190.5217472,818.1204488000001,1338.6,13.190896,257.3360404,1094.4548556
2020-05,1019.4,17.0872838,67.5687978,968.9184859999999,1321.3,27.0572193,144.480251,1203.8769683
2020-06,1069.6,3.6304619,76.0959113,997.1345505999999,1454.3,9.8799036,103.7628781,1360.4170255
2020-07,1178.4,3.6032347,111.6614962,1070.3417385,1510.8,4.1723628,55.306504,1459.6658588
2020-08,1190.4,0.001152,121.9018621,1068.4992899000001,1423.2,5.8380616,108.3050264,1320.7330352
2020-09,1195.6,0.001476,116.518985,1079.082491,1322.4,10.1739659,119.3578801,1213.2160858
2020-10,1190.2,0.0022895,190.7197195,999.48257,1329.7,13.0236753,217.2866397,1125.4370356
2020-11,1174.0,0.003103,125.7693429,1048.2337601,1298.7,9.332406,192.1648038,1115.8676022
2020-12,1171.1,0.0020689,144.9364466,1026.1656223,1301.0,7.1557242,148.4531595,1159.7025646999998
2021-01,1193.3999999999999,0.001488,189.0310259,1004.3704620999999,1306.0333333333333,1.5810714,172.1076202,1135.5067845333333
2021-02,1215.7,2.9405614,164.8148636,1053.8256978,1311.0666666666666,15.2899167,171.6034146,1154.7531687666667
2021-03,1238.0,3.5475315,155.3906083,1086.1569232000002,1316.1,6.9365093,280.9943808,1042.0421284999998
2021-04,1180.2,6.00462915,146.9654423,1039.2391868500001,1252.4,1.1945282,271.9913087,981.6032195
2021-05,1271.6,8.4617268,154.4522693,1125.6094574999997,1272.4,9.7521028,168.0855836,1114.0665192000001
2021-06,1318.5,6.0920574,145.2442505,1179.3478069,1325.1,3.0857545,236.2307576,1091.9549968999997
2021-07,1374.2,7.7134239,74.0049197,1307.9085042,1321.5,4.6519617,139.1951239,1186.9568378
2021-08,1344.6,0.001486,56.6115572,1287.9899288,1314.5,8.5179393,54.6184783,1268.399461
2021-09,1295.7,3.4832908,92.2085418,1206.9747490000002,1291.5,3.9232025,77.6921452,1217.7310573
2021-10,1313.4,0.000108,100.9095167,1212.4905913,1452.0,3.9746377,55.5620873,1400.4125503999999
2021-11,1351.0,3.52413,80.7422696,1273.7818604,1645.4,9.3427304,59.9050808,1594.8376496
2021-12,1353.5,3e-07,93.8452176,1259.6547827,1686.2,7.932459,32.5199815,1661.6124775
2022-01,1359.7666666666667,0.00147,86.1116432,1273.6564934666667,1642.0333333333333,6.0095623,21.3075513,1626.7353443333332
2022-02,1366.0333333333333,0.00073565,102.5929562,1263.4411127833332,1597.8666666666668,8.3026879,19.7592468,1586.4101077666667
2022-03,1372.3,1.3e-06,115.7503826,1256.5496186999999,1553.7,5.8012023,67.3314431,1492.1697592
2022-04,1105.5,0.3525883999999999,97.5261586,1008.3264298,1426.6,5.6572622,52.7307403,1379.5265219
2022-05,1160.5,0.7051755,81.5418474,1079.6633281,1467.8,2.8495083,12.2704664,1458.3790419
2022-06,1166.2,0.6817796,73.0341413,1093.8476383,1438.8,2.8542127,32.7665542,1408.8876585
2022-07,1185.2,0.6716792666666667,88.0394012,1097.8322780666667,1386.4,1.1413419,35.980744,1351.5605979000002
2022-08,1203.7,0.6615789333333334,111.3815558,1092.9800231333334,1403.7,4.0959942,83.0117655,1324.7842287
2022-09,1199.7,0.6514786,66.1658042,1134.1856744000002,1714.7,0.9004228,172.8911725,1542.7092503
2022-10,1236.2,0.6413782666666666,95.5785547,1141.2628235666666,1882.9,2.0287081,106.0899382,1778.8387699
2022-11,1173.7,0.6312779333333334,147.9424372,1026.3888407333334,1901.4,2.1509198,209.7162988,1693.8346210000002
2022-12,1151.4,0.6211776,191.5586161,960.4625615000001,1935.4,2.0490992,279.1805229,1658.2685763
2023-01,1212.0,0.00028,124.1745774,1087.8257025999999,1908.1000000000001,1.0495251,239.5846598,1669.5648653
2023-02,1272.6000000000001,0.0001402,102.5043151,1170.0958251000002,1880.8,0.049951,215.54208,1665.307871
2023-03,1333.2,4e-07,76.3218816,1256.8781188,1853.5,0.07491165,144.0238078,1709.5511038500001
2023-04,1315.4,0.00022095,82.2647696,1233.1354513500003,1834.5,0.0998723,62.3449311,1772.2549412
2023-05,1340.5,0.0004415,136.3116591,1204.1887824,1850.8,3.8762555,60.056145,1794.6201105
2023-06,1326.3,0.00066205,95.2086831,1231.09197895,1792.3,7.6526387,29.4592496,1770.4933890999998
2023-07,1435.2,0.0008826,122.4667281,1312.7341545000002,1784.9,0.0998717,91.0027282,1693.9971435
2023-08,1468.6,0.0005311,137.7977284,1330.8028026999998,1835.3,0.099313,125.623384,1709.775929
2023-09,1422.8,0.00028715,109.0967639,1313.70352325,1874.1,0.1036079,119.5858778,1754.6177301
2023-10,1408.4,4.32e-05,76.7238753,1331.6761679,1943.8,0.0011871,111.0164265,1832.7847605999998
2023-11,1269.0,0.00018075,88.9201992,1180.07998155,1765.4,3.7566814,115.9997452,1653.1569362
2023-12,1296.2,0.0003183,76.8162345,1219.3840837999999,1840.0,1.2031212,66.885932,1774.3171892
2024-01,1340.5,0.00045585,83.9405442,1256.55991165,1849.6333333333334,3e-07,59.3011665,1790.3321671333335
2024-02,1384.8,0.0005934,73.0803809,1311.7202125000001,1859.2666666666667,6.5e-07,62.8840436,1796.3826237166666
2024-03,1429.1,0.00073095,115.3648695,1313.73586145,1868.9,1.0000000000000002e-06,141.5949718,1727.3050292000003
2024-04,1332.3,0.0008685,40.4274565,1291.873412,1727.0,1.3500000000000002e-06,75.7555741,1651.24442725
2024-05,1382.4,4.3e-06,86.5004031,1295.8996012,1734.9,1.7e-06,107.4677912,1627.4322105
2024-06,1370.2,1.5e-05,93.3734105,1276.8266045,1656.6,1.3471161,82.4567937,1575.4903224
2024-07,1393.9,0.0020495999999999,78.7904903,1315.1115593,1620.6,2.6942305,53.4347762,1569.8594543
2024-08,1371.4,0.0040842,77.0837306,1294.3203536,1633.0,4.0413449,87.5520287,1549.4893162
2024-09,1349.4,0.0001063,72.7642687,1276.6358376,1690.5,4.1743546,34.7468258,1659.9275288000001
2024-10,1323.7,0.0003590666666666,67.0923839,1256.6079751666668,1761.9,4.0425428666666665,47.5260034,1718.4165394666668
2024-11,1209.5,0.0006118333333333,126.7742155,1082.7263963333332,1747.0,3.910731133333333,39.5061224,1711.4046087333331
2024-12,1234.0,0.0008646,58.4891298,1175.5117348,1763.8,3.7789194,7.3228851,1760.2560343
2025-01,1263.3333333333333,3.6496998,49.9714833,1217.0115498333332,1736.0333333333333,3.9124099666666665,26.7707793,1713.174964
2025-02,1292.6666666666667,1.8255968,20.2990187,1274.1932447666668,1708.2666666666667,4.0459005333333335,43.9998943,1668.3126728999998
2025-03,1322.0,0.0014938,93.6598416,1228.3416522,1680.5,4.1793911,74.7067161,1609.972675
2025-04,1216.0,0.0014544,78.4387871,1137.5626673000002,1559.6,4.1743737,51.2350165,1512.5393571999998
2025-05,1242.7,0.001415,69.0042206,1173.6971944,1591.2,0.0009436,51.4215766,1539.779367
2025-06,1251.5,0.0013756,77.8490066,1173.6523690000001,1633.5,4.123172,33.4151778,1604.2079942
2025-07,1323.9,0.0013362,93.3969468,1230.5043894,1673.4,2.9059383,81.7004175,1594.6055208
2025-08,1347.7,0.0012968,84.9516148,1262.7496820000001,1705.8,0.0070411,93.5397366,1612.2673045
2025-09,1324.2,0.001761,64.8807062,1259.3210548,1741.8,4.1422506,50.9277163,1695.0145343
2025-10,1345.7,0.7207243666666667,74.6689388,1271.7517855666667,1768.3,3.9540662,73.9375856,1698.3164806
2025-11,1246.5,1.439687733333333,61.7251762,1186.2145115333333,1724.1,0.0024822,41.5311977,1682.5712845
2025-12,1260.6,2.1586511,33.3126868,1229.4459643,1771.0,0.0018526,42.6591464,1728.3427061999998
2026-01,1283.2333333333333,2.877614466666667,53.0464556,1233.0644922000001,1730.8333333333333,0.0018526,42.6591464,1688.176039533333
2026-02,1305.8666666666666,3.596577833333334,31.804969,1277.6582755,1690.6666666666667,0.0018526,42.6591464,1648.0093728666666
2026-03,1328.5,4.3155412,30.0193996,1302.7961416,1650.5,0.0018526,42.6591464,1607.8427061999998
2026-04,1328.5,4.3155412,30.0193996,1302.7961416,1650.5,0.0018526,42.6591464,1607.8427061999998
2026-05,1328.5,4.3155412,30.0193996,1302.7961416,1650.5,0.0018526,42.6591464,1607.8427061999998
