"数据年月","商品编码","商品名称","第一数量","第一计量单位","第二数量","第二计量单位","美元",
"201601","27090000","石油原油及从沥青矿物提取的原油","26683027055","千克","0","?","7,453,543,847",
"201602","27090000","石油原油及从沥青矿物提取的原油","31800671687","千克","0","?","7,520,108,482",
"201603","27090000","石油原油及从沥青矿物提取的原油","32605469823","千克","0","?","7,863,702,292",
"201604","27090000","石油原油及从沥青矿物提取的原油","32581145356","千克","0","?","9,023,706,080",
"201605","27090000","石油原油及从沥青矿物提取的原油","32230801070","千克","0","?","9,598,670,552",
"201606","27090000","石油原油及从沥青矿物提取的原油","30622851822","千克","0","?","9,877,936,429",
"201607","27090000","石油原油及从沥青矿物提取的原油","31071818403","千克","0","?","10,649,472,975",
"201608","27090000","石油原油及从沥青矿物提取的原油","32852965395","千克","0","?","10,798,042,973",
"201609","27090000","石油原油及从沥青矿物提取的原油","33044724917","千克","0","?","10,636,897,060",
"201610","27090000","石油原油及从沥青矿物提取的原油","28788192274","千克","0","?","9,476,181,470",
"201611","27090000","石油原油及从沥青矿物提取的原油","32347172813","千克","0","?","11,344,446,989",
"201612","27090000","石油原油及从沥青矿物提取的原油","36378107352","千克","0","?","12,418,039,292",
