年,月,数据年月,商品编码,商品名称,第一数量,第一计量单位,第二数量,第二计量单位,金额_人民币,金额_美元,每吨人民币,每吨美元
2016,1,201601,27090000,石油原油及从沥青矿物提取的原油,26683027055,千克,0,?,48095137382,7453543847,1802.46,279.34
2016,2,201602,27090000,石油原油及从沥青矿物提取的原油,31800671687,千克,0,?,49249141405,7520108482,1548.68,236.48
2016,3,201603,27090000,石油原油及从沥青矿物提取的原油,32605469823,千克,0,?,51320127189,7863702292,1573.97,241.18
2016,4,201604,27090000,石油原油及从沥青矿物提取的原油,32581145356,千克,0,?,58806976505,9023706080,1804.94,276.96
2016,5,201605,27090000,石油原油及从沥青矿物提取的原油,32230801070,千克,0,?,62040188703,9598670552,1924.87,297.81
2016,6,201606,27090000,石油原油及从沥青矿物提取的原油,30622851822,千克,0,?,64376030028,9877936429,2102.22,322.57
2016,7,201607,27090000,石油原油及从沥青矿物提取的原油,31071818403,千克,0,?,70229118975,10649472975,2260.22,342.74
2016,8,201608,27090000,石油原油及从沥青矿物提取的原油,32852965395,千克,0,?,72210176903,10798042973,2197.98,328.68
2016,9,201609,27090000,石油原油及从沥青矿物提取的原油,33044724917,千克,0,?,70296171074,10636897060,2127.3,321.89
2016,10,201610,27090000,石油原油及从沥青矿物提取的原油,28788192274,千克,0,?,63100110652,9476181470,2191.87,329.17
2016,11,201611,27090000,石油原油及从沥青矿物提取的原油,32347172813,千克,0,?,76344019058,11344446989,2360.15,350.71
2016,12,201612,27090000,石油原油及从沥青矿物提取的原油,36378107352,千克,0,?,85054591795,12418039292,2338.07,341.36
2017,1,201701,27090000,石油原油及从沥青矿物提取的原油,33992941722,千克,0,?,91149547800,13136289264,2681.43,386.44
2017,2,201702,27090000,石油原油及从沥青矿物提取的原油,31781720323,千克,0,?,86514502735,12605035498,2722.15,396.61
2017,3,201703,27090000,石油原油及从沥青矿物提取的原油,38949846790,千克,0,?,106414428318,15506443219,2732.09,398.11
2017,4,201704,27090000,石油原油及从沥青矿物提取的原油,34383852835,千克,0,?,91015982813,13173368864,2647.06,383.13
2017,5,201705,27090000,石油原油及从沥青矿物提取的原油,37195782597,千克,0,?,97495081944,14194492089,2621.13,381.62
2017,6,201706,27090000,石油原油及从沥青矿物提取的原油,36102328773,千克,0,?,90875500436,13240177333,2517.16,366.74
2017,7,201707,27090000,石油原油及从沥青矿物提取的原油,34683473554,千克,0,?,82885518103,12148200937,2389.77,350.26
2017,8,201708,27090000,石油原油及从沥青矿物提取的原油,33819610849,千克,0,?,82142545681,12172475451,2428.84,359.92
2017,9,201709,27090000,石油原油及从沥青矿物提取的原油,36889589913,千克,0,?,94130914214,14088484269,2551.69,381.91
2017,10,201710,27090000,石油原油及从沥青矿物提取的原油,31028693482,千克,0,?,82690140959,12567861140,2664.96,405.04
2017,11,201711,27090000,石油原油及从沥青矿物提取的原油,36960128327,千克,0,?,103818820091,15732778361,2808.94,425.67
2017,12,201712,27090000,石油原油及从沥青矿物提取的原油,33674294650,千克,0,?,101077366082,15255060490,3001.62,453.02
2018,1,201801,27090000,石油原油及从沥青矿物提取的原油,40535091645,千克,0,?,126477471984,19141183343,3120.2,472.21
2018,2,201802,27090000,石油原油及从沥青矿物提取的原油,32254474571,千克,0,?,103015111101,16004759564,3193.82,496.2
2018,3,201803,27090000,石油原油及从沥青矿物提取的原油,39165875008,千克,0,?,119870841958,18891610791,3060.59,482.35
2018,4,201804,27090000,石油原油及从沥青矿物提取的原油,39459004639,千克,0,?,122505882015,19321308006,3104.64,489.66
2018,5,201805,27090000,石油原油及从沥青矿物提取的原油,39038337009,千克,0,?,127741559837,20329229459,3272.21,520.75
2018,6,201806,27090000,石油原油及从沥青矿物提取的原油,34341383973,千克,0,?,119597874900,18763903135,3482.62,546.39
2018,7,201807,27090000,石油原油及从沥青矿物提取的原油,36024610050,千克,0,?,125843148032,19471160784,3493.25,540.5
2018,8,201808,27090000,石油原油及从沥青矿物提取的原油,38338325147,千克,0,?,138744891097,20736930743,3618.96,540.89
2018,9,201809,27090000,石油原油及从沥青矿物提取的原油,37212434610,千克,0,?,139248251666,20240061161,3741.98,543.91
2018,10,201810,27090000,石油原油及从沥青矿物提取的原油,38872534729,千克,0,?,151631037157,22108407990,3900.72,568.74
2018,11,201811,27090000,石油原油及从沥青矿物提取的原油,42865878728,千克,0,?,166157847513,24038561450,3876.23,560.79
2018,12,201812,27090000,石油原油及从沥青矿物提取的原油,43777512730,千克,0,?,148128677174,21333144889,3383.67,487.31
2019,1,201901,27090000,石油原油及从沥青矿物提取的原油,42587337023,千克,0,?,131967980316,19158902204,3098.76,449.87
2019,2,201902,27090000,石油原油及从沥青矿物提取的原油,39242395592,千克,0,?,119778300085,17697573025,3052.27,450.98
2019,3,201903,27090000,石油原油及从沥青矿物提取的原油,39330259524,千克,0,?,128055346015,18952597122,3255.9,481.88
2019,4,201904,27090000,石油原油及从沥青矿物提取的原油,43722131489,千克,0,?,146767431259,21863663126,3356.82,500.06
2019,5,201905,27090000,石油原油及从沥青矿物提取的原油,40129505472,千克,0,?,141435520072,21074718503,3524.48,525.17
2019,6,201906,27090000,石油原油及从沥青矿物提取的原油,39565535530,千克,0,?,139898632001,20390851340,3535.87,515.37
2019,7,201907,27090000,石油原油及从沥青矿物提取的原油,41020018495,千克,0,?,136019624692,19747332200,3315.93,481.41
2019,8,201908,27090000,石油原油及从沥青矿物提取的原油,42158225297,千克,0,?,137319605407,19952088731,3257.24,473.27
2019,9,201909,27090000,石油原油及从沥青矿物提取的原油,41233490796,千克,0,?,132345207532,18812852618,3209.65,456.25
2019,10,201910,27090000,石油原油及从沥青矿物提取的原油,45487796755,千克,0,?,149431312557,21130516424,3285.09,464.53
2019,11,201911,27090000,石油原油及从沥青矿物提取的原油,45722651146,千克,0,?,151567887719,21426539967,3314.94,468.62
2019,12,201912,27090000,石油原油及从沥青矿物提取的原油,45476690629,千克,0,?,155572919698,22177227505,3420.94,487.66
2020,1,202001,27090000,石油原油及从沥青矿物提取的原油,46096743303,千克,0,?,160340724674,22915460915,3478.35,497.12
2020,2,202002,27090000,石油原油及从沥青矿物提取的原油,39981784459,千克,0,?,133312979483,19350211079,3334.34,483.98
2020,3,202003,27090000,石油原油及从沥青矿物提取的原油,41092518287,千克,0,?,116630146426,16671193542,2838.23,405.7
2020,4,202004,27090000,石油原油及从沥青矿物提取的原油,40415327222,千克,0,?,76352415753,10857410620,1889.19,268.65
2020,5,202005,27090000,石油原油及从沥青矿物提取的原油,47962846592,千克,0,?,68481712549,9727304837,1427.81,202.81
2020,6,202006,27090000,石油原油及从沥青矿物提取的原油,53171547781,千克,0,?,89048307408,12554432927,1674.74,236.11
2020,7,202007,27090000,石油原油及从沥青矿物提取的原油,51039275614,千克,0,?,102946782815,14524876107,2017.01,284.58
2020,8,202008,27090000,石油原油及从沥青矿物提取的原油,47474388306,千克,0,?,106222856775,15167885503,2237.48,319.5
2020,9,202009,27090000,石油原油及从沥青矿物提取的原油,48469456842,千克,0,?,111613957650,16120849353,2302.77,332.6
2020,10,202010,27090000,石油原油及从沥青矿物提取的原油,42471553516,千克,0,?,91920367855,13522613445,2164.28,318.39
2020,11,202011,27090000,石油原油及从沥青矿物提取的原油,45404245057,千克,0,?,94993360170,14199512630,2092.17,312.74
2020,12,202012,27090000,石油原油及从沥青矿物提取的原油,38427007319,千克,0,?,84349584417,12841103901,2195.06,334.17
2021,1,202101,27090000,石油原油及从沥青矿物提取的原油,44569071563,千克,0,?,110554391675,16909177521,2480.52,379.39
2021,2,202102,27090000,石油原油及从沥青矿物提取的原油,44973616163,千克,0,?,120542020221,18567880781,2680.28,412.86
2021,3,202103,27090000,石油原油及从沥青矿物提取的原油,49640304528,千克,0,?,147056204484,22813957123,2962.44,459.59
2021,4,202104,27090000,石油原油及从沥青矿物提取的原油,40349307675,千克,0,?,125279321242,19287830316,3104.87,478.02
2021,5,202105,27090000,石油原油及从沥青矿物提取的原油,40961148896,千克,0,?,129252222967,19874494530,3155.48,485.2
2021,6,202106,27090000,石油原油及从沥青矿物提取的原油,40051737376,千克,0,?,129393470963,20111256654,3230.66,502.13
2021,7,202107,27090000,石油原油及从沥青矿物提取的原油,41242195191,千克,0,?,140694186092,21947063131,3411.41,532.15
2021,8,202108,27090000,石油原油及从沥青矿物提取的原油,44523684546,千克,0,?,155635606509,24039487303,3495.57,539.93
2021,9,202109,27090000,石油原油及从沥青矿物提取的原油,40906436928,千克,0,?,141643772937,21824921027,3462.63,533.53
2021,10,202110,27090000,石油原油及从沥青矿物提取的原油,37792001036,千克,0,?,136319391476,21120878291,3607.1,558.87
2021,11,202111,27090000,石油原油及从沥青矿物提取的原油,41790781048,千克,0,?,159692980820,24915349656,3821.25,596.19
2021,12,202112,27090000,石油原油及从沥青矿物提取的原油,46121857560,千克,0,?,173380542473,27110589952,3759.18,587.8
2022,1,202201,27090000,石油原油及从沥青矿物提取的原油,48789896647,千克,0,?,183397201871,28773653038,3758.92,589.75
2022,2,202202,27090000,石油原油及从沥青矿物提取的原油,36339514118,千克,0,?,149691841083,23522839714,4119.26,647.31
2022,3,202203,27090000,石油原油及从沥青矿物提取的原油,42710930247,千克,0,?,198836942144,31326294312,4655.41,733.45
2022,4,202204,27090000,石油原油及从沥青矿物提取的原油,43020368833,千克,0,?,221707597907,34775806084,5153.55,808.36
2022,5,202205,27090000,石油原油及从沥青矿物提取的原油,45809613238,千克,0,?,230040333572,35942599403,5021.66,784.61
2022,6,202206,27090000,石油原油及从沥青矿物提取的原油,35801260643,千克,0,?,194599093492,28982753491,5435.54,809.55
2022,7,202207,27090000,石油原油及从沥青矿物提取的原油,37318463206,千克,0,?,204281937448,30268816257,5474.02,811.09
2022,8,202208,27090000,石油原油及从沥青矿物提取的原油,40335895740,千克,0,?,207504635425,30757000376,5144.42,762.52
2022,9,202209,27090000,石油原油及从沥青矿物提取的原油,40233599136,千克,0,?,196749420409,28980777984,4890.18,720.31
2022,10,202210,27090000,石油原油及从沥青矿物提取的原油,43119759464,千克,0,?,208843844626,30071373859,4843.34,697.39
2022,11,202211,27090000,石油原油及从沥青矿物提取的原油,46691449945,千克,0,?,224015252835,31530346343,4797.78,675.29
2022,12,202212,27090000,石油原油及从沥青矿物提取的原油,48060205441,千克,0,?,217251601556,30820494556,4520.41,641.29
2023,1,202301,27090000,石油原油及从沥青矿物提取的原油,43310090974,千克,0,?,181019345092,25953364622,4179.61,599.25
2023,2,202302,27090000,石油原油及从沥青矿物提取的原油,40729871056,千克,0,?,162316859196,23927569223,3985.2,587.47
2023,3,202303,27090000,石油原油及从沥青矿物提取的原油,52294580085,千克,0,?,207971929563,30490045405,3976.93,583.04
2023,4,202304,27090000,石油原油及从沥青矿物提取的原油,42210194799,千克,0,?,168171123739,24493667238,3984.14,580.28
2023,5,202305,27090000,石油原油及从沥青矿物提取的原油,51435743241,千克,0,?,209172913788,30419752419,4066.68,591.41
2023,6,202306,27090000,石油原油及从沥青矿物提取的原油,52039330232,千克,0,?,199497086126,28595492178,3833.58,549.5
2023,7,202307,27090000,石油原油及从沥青矿物提取的原油,43677197715,千克,0,?,173611942547,24237711082,3974.89,554.93
2023,8,202308,27090000,石油原油及从沥青矿物提取的原油,52790372168,千克,0,?,221993977161,31049397942,4205.2,588.16
2023,9,202309,27090000,石油原油及从沥青矿物提取的原油,45714545038,千克,0,?,209264399557,29092526235,4577.63,636.4
2023,10,202310,27090000,石油原油及从沥青矿物提取的原油,48954957150,千克,1988203,?,233297943827,32511871982,4765.56,664.12
2023,11,202311,27090000,石油原油及从沥青矿物提取的原油,42425229570,千克,0,?,197709513502,27539890573,4660.19,649.14
2023,12,202312,27090000,石油原油及从沥青矿物提取的原油,48358361191,千克,0,?,211391782106,29491177511,4371.36,609.85
2024,1,202401,27090000,石油原油及从沥青矿物提取的原油,44166290031,千克,318381405,桶,183738644773,25878542731,4160.16,585.93
2024,2,202402,27090000,石油原油及从沥青矿物提取的原油,44137624714,千克,320042611,桶,185499668147,26076637165,4202.76,590.8
2024,3,202403,27090000,石油原油及从沥青矿物提取的原油,49038217733,千克,356374164,桶,210622975361,29650293736,4295.08,604.64
2024,4,202404,27090000,石油原油及从沥青矿物提取的原油,44712414299,千克,324327093,桶,198898882661,28026700613,4448.4,626.82
2024,5,202405,27090000,石油原油及从沥青矿物提取的原油,46959871949,千克,340618333,桶,211267845414,29745396267,4498.9,633.42
2024,6,202406,27090000,石油原油及从沥青矿物提取的原油,46448308177,千克,336550190,桶,202276359538,28468749575,4354.87,612.91
2024,7,202407,27090000,石油原油及从沥青矿物提取的原油,42327615904,千克,306855618,桶,183389058277,25768091102,4332.61,608.78
2024,8,202408,27090000,石油原油及从沥青矿物提取的原油,49089290800,千克,354950855,桶,209433445866,29370228228,4266.38,598.3
2024,9,202409,27090000,石油原油及从沥青矿物提取的原油,45479193521,千克,329618385,桶,183631078072,25762011641,4037.69,566.46
2024,10,202410,27090000,石油原油及从沥青矿物提取的原油,44686281948,千克,323143156,桶,172381831087,24347772486,3857.6,544.86
2024,11,202411,27090000,石油原油及从沥青矿物提取的原油,48504273602,千克,350880116,桶,187875404839,26405716394,3873.38,544.4
2024,12,202412,27090000,石油原油及从沥青矿物提取的原油,47682537757,千克,344477413,桶,184516375347,25686532260,3869.68,538.7
2025,1,202501,27090000,石油原油及从沥青矿物提取的原油,41064542863,千克,296718633,桶,162235447000,22567551833,3950.74,549.56
2025,2,202502,27090000,石油原油及从沥青矿物提取的原油,42660580684,千克,308160344,桶,173716252648,24176979980,4072.06,566.73
2025,3,202503,27090000,石油原油及从沥青矿物提取的原油,51126918527,千克,369612648,桶,203225397326,28330736446,3974.92,554.13
2025,4,202504,27090000,石油原油及从沥青矿物提取的原油,48042002847,千克,347804688,桶,182140377124,25398100837,3791.27,528.66
2025,5,202505,27090000,石油原油及从沥青矿物提取的原油,46571654246,千克,336315152,桶,167926922607,23322824834,3605.78,500.79
2025,6,202506,27090000,石油原油及从沥青矿物提取的原油,49878192003,千克,360439012,桶,176514837690,24532220442,3538.92,491.84
2025,7,202507,27090000,石油原油及从沥青矿物提取的原油,47190247145,千克,340851903,桶,172351412607,24021092015,3652.27,509.03
2025,8,202508,27090000,石油原油及从沥青矿物提取的原油,49186223325,千克,354362258,桶,179055618996,25022422263,3640.36,508.73
2025,9,202509,27090000,石油原油及从沥青矿物提取的原油,46901625151,千克,337833546,桶,169632292794,23781052970,3616.77,507.04
2025,10,202510,27090000,石油原油及从沥青矿物提取的原油,48336093686,千克,349072667,桶,172835484535,24307753967,3575.7,502.89
2025,11,202511,27090000,石油原油及从沥青矿物提取的原油,50779658305,千克,365514243,桶,173786330688,24484797770,3422.36,482.18
2025,12,202512,27090000,石油原油及从沥青矿物提取的原油,55963973427,千克,404682928,桶,189020829850,26670190841,3377.54,476.56
2026,1,202601,27090000,石油原油及从沥青矿物提取的原油,48818126705,千克,352468841,桶,156611942757,22189463477,3208.07,454.53
2026,2,202602,27090000,石油原油及从沥青矿物提取的原油,48038622574,千克,347616109,桶,156231198193,22310083184,3252.2,464.42
2026,3,202603,27090000,石油原油及从沥青矿物提取的原油,49981716766,千克,362070606,桶,187897824956,27055087398,3759.33,541.3
