month,fuel,flow,quantity_10k_tonnes,quantity_raw,amount_raw,source_file,quantity_unit
2016-01,diesel,export,72.8450292,728450292.0,2194349656.0,customs_export_2016.csv,千克
2016-01,diesel,import,14.5011308,145011308.0,314848230.0,customs_import_2016.csv,千克
2016-01,gasoline,export,59.1652734,591652734.0,1783455603.0,customs_export_2016.csv,千克
2016-01,gasoline,import,8.4484553,84484553.0,261319371.0,customs_import_2016.csv,千克
2016-02,diesel,export,79.3222559,793222559.0,2258249040.0,customs_export_2016.csv,千克
2016-02,diesel,import,3.32376,33237600.0,59985205.0,customs_import_2016.csv,千克
2016-02,gasoline,export,60.0860883,600860883.0,1619987651.0,customs_export_2016.csv,千克
2016-02,gasoline,import,11.4291961,114291961.0,297226772.0,customs_import_2016.csv,千克
2016-03,diesel,export,125.0429413,1250429413.0,2842315114.0,customs_export_2016.csv,千克
2016-03,diesel,import,18.5069388,185069388.0,395813230.0,customs_import_2016.csv,千克
2016-03,gasoline,export,67.0130612,670130612.0,1623522996.0,customs_export_2016.csv,千克
2016-03,gasoline,import,0.5882451,5882451.0,16209768.0,customs_import_2016.csv,千克
2016-04,diesel,export,124.339576,1243395760.0,2948462344.0,customs_export_2016.csv,千克
2016-04,diesel,import,0.0040784,40784.0,101038.0,customs_import_2016.csv,千克
2016-04,gasoline,export,70.782536,707825360.0,1672523694.0,customs_export_2016.csv,千克
2016-04,gasoline,import,0.2771275,2771275.0,8936122.0,customs_import_2016.csv,千克
2016-05,diesel,export,147.7201012,1477201012.0,3491283635.0,customs_export_2016.csv,千克
2016-05,diesel,import,4.0618255,40618255.0,101277270.0,customs_import_2016.csv,千克
2016-05,gasoline,export,77.7938509,777938509.0,1939814758.0,customs_export_2016.csv,千克
2016-05,gasoline,import,9.12e-05,912.0,57578.0,customs_import_2016.csv,千克
2016-06,diesel,export,109.7177048,1097177048.0,2798091623.0,customs_export_2016.csv,千克
2016-06,diesel,import,19.0057936,190057936.0,590719671.0,customs_import_2016.csv,千克
2016-06,gasoline,export,110.1142057,1101142057.0,2944461967.0,customs_export_2016.csv,千克
2016-06,gasoline,import,0.0077882,77882.0,861545.0,customs_import_2016.csv,千克
2016-07,diesel,export,153.3134333,1533134333.0,4314952581.0,customs_export_2016.csv,千克
2016-07,diesel,import,0.0063939,63939.0,205371.0,customs_import_2016.csv,千克
2016-07,gasoline,export,96.5847829,965847829.0,2780655291.0,customs_export_2016.csv,千克
2016-07,gasoline,import,0.0021556,21556.0,455618.0,customs_import_2016.csv,千克
2016-08,diesel,export,106.4939067,1064939067.0,3141511415.0,customs_export_2016.csv,千克
2016-08,diesel,import,7.1717095,71717095.0,196202638.0,customs_import_2016.csv,千克
2016-08,gasoline,export,67.1472799,671472799.0,2094083963.0,customs_export_2016.csv,千克
2016-09,diesel,export,160.3479227,1603479227.0,4657900030.0,customs_export_2016.csv,千克
2016-09,diesel,import,12.9533342,129533342.0,342259170.0,customs_import_2016.csv,千克
2016-09,gasoline,export,84.0832714,840832714.0,2514531013.0,customs_export_2016.csv,千克
2016-09,gasoline,import,0.0063279,63279.0,1152946.0,customs_import_2016.csv,千克
2016-10,diesel,export,135.4429102,1354429102.0,4123483343.0,customs_export_2016.csv,千克
2016-10,diesel,import,0.0341879,341879.0,1185050.0,customs_import_2016.csv,千克
2016-10,gasoline,export,87.0648935,870648935.0,2595881464.0,customs_export_2016.csv,千克
2016-10,gasoline,import,0.0058631,58631.0,1814015.0,customs_import_2016.csv,千克
2016-11,diesel,export,147.2297527,1472297527.0,4392038324.0,customs_export_2016.csv,千克
2016-11,diesel,import,1.4005239,14005239.0,45449715.0,customs_import_2016.csv,千克
2016-11,gasoline,export,93.7918853,937918853.0,2873740961.0,customs_export_2016.csv,千克
2016-11,gasoline,import,0.00146,14600.0,220910.0,customs_import_2016.csv,千克
2016-12,diesel,export,178.4319581,1784319581.0,5476548806.0,customs_export_2016.csv,千克
2016-12,diesel,import,10.5939963,105939963.0,355228361.0,customs_import_2016.csv,千克
2016-12,gasoline,export,95.6607661,956607661.0,3121333076.0,customs_export_2016.csv,千克
2016-12,gasoline,import,0.0032031,32031.0,1076064.0,customs_import_2016.csv,千克
2017-01,diesel,export,96.4417431,964417431.0,3169542952.0,customs_export_2017.csv,千克
2017-01,diesel,import,8.3387085,83387085.0,279144154.0,customs_import_2017.csv,千克
2017-01,gasoline,export,59.8907519,598907519.0,2117278533.0,customs_export_2017.csv,千克
2017-01,gasoline,import,0.0014861,14861.0,222560.0,customs_import_2017.csv,千克
2017-02,diesel,export,132.1211174,1321211174.0,4497635667.0,customs_export_2017.csv,千克
2017-02,diesel,import,5.0444432,50444432.0,171410431.0,customs_import_2017.csv,千克
2017-02,gasoline,export,106.0586595,1060586595.0,3955469874.0,customs_export_2017.csv,千克
2017-02,gasoline,import,0.7245288,7245288.0,26561860.0,customs_import_2017.csv,千克
2017-03,diesel,export,191.2710423,1912710423.0,6606801788.0,customs_export_2017.csv,千克
2017-03,diesel,import,9.3760797,93760797.0,321824698.0,customs_import_2017.csv,千克
2017-03,gasoline,export,83.5083921,835083921.0,2993892021.0,customs_export_2017.csv,千克
2017-03,gasoline,import,0.8888175,8888175.0,25928313.0,customs_import_2017.csv,千克
2017-04,diesel,export,122.7167475,1227167475.0,4217914467.0,customs_export_2017.csv,千克
2017-04,diesel,import,11.3414559,113414559.0,374684131.0,customs_import_2017.csv,千克
2017-04,gasoline,export,91.011077,910110770.0,3378842315.0,customs_export_2017.csv,千克
2017-04,gasoline,import,1.29e-05,129.0,11917.0,customs_import_2017.csv,千克
2017-05,diesel,export,123.1234127,1231234127.0,4361286030.0,customs_export_2017.csv,千克
2017-05,diesel,import,11.1715995,111715995.0,344012251.0,customs_import_2017.csv,千克
2017-05,gasoline,export,63.9222263,639222263.0,2378073343.0,customs_export_2017.csv,千克
2017-05,gasoline,import,1.61e-05,161.0,4067.0,customs_import_2017.csv,千克
2017-06,diesel,export,130.8188994,1308188994.0,4532556807.0,customs_export_2017.csv,千克
2017-06,diesel,import,4.2959132,42959132.0,126721081.0,customs_import_2017.csv,千克
2017-06,gasoline,export,73.2090941,732090941.0,2737217490.0,customs_export_2017.csv,千克
2017-06,gasoline,import,0.0030101,30101.0,638602.0,customs_import_2017.csv,千克
2017-07,diesel,export,139.6248902,1396248902.0,4742453506.0,customs_export_2017.csv,千克
2017-07,diesel,import,0.084089,840890.0,2930267.0,customs_import_2017.csv,千克
2017-07,gasoline,export,102.1968126,1021968126.0,3611076235.0,customs_export_2017.csv,千克
2017-07,gasoline,import,0.0035472,35472.0,937745.0,customs_import_2017.csv,千克
2017-08,diesel,export,147.0945447,1470945447.0,4701072255.0,customs_export_2017.csv,千克
2017-08,diesel,import,8.046997,80469970.0,261401395.0,customs_import_2017.csv,千克
2017-08,gasoline,export,90.7344074,907344074.0,3233872584.0,customs_export_2017.csv,千克
2017-08,gasoline,import,0.0085372,85372.0,1128732.0,customs_import_2017.csv,千克
2017-09,diesel,export,118.3856985,1183856985.0,3801899217.0,customs_export_2017.csv,千克
2017-09,diesel,import,4.1374533,41374533.0,138757989.0,customs_import_2017.csv,千克
2017-09,gasoline,export,56.8423948,568423948.0,2009200035.0,customs_export_2017.csv,千克
2017-09,gasoline,import,0.0062504,62504.0,1757184.0,customs_import_2017.csv,千克
2017-10,diesel,export,120.8346438,1208346438.0,4110521812.0,customs_export_2017.csv,千克
2017-10,diesel,import,12.4011609,124011609.0,414853874.0,customs_import_2017.csv,千克
2017-10,gasoline,export,96.8584994,968584994.0,3579535652.0,customs_export_2017.csv,千克
2017-10,gasoline,import,0.003721,37210.0,1407237.0,customs_import_2017.csv,千克
2017-11,diesel,export,197.4158071,1974158071.0,6806131229.0,customs_export_2017.csv,千克
2017-11,diesel,import,0.1113573,1113573.0,4590678.0,customs_import_2017.csv,千克
2017-11,gasoline,export,104.1492342,1041492342.0,3901355680.0,customs_export_2017.csv,千克
2017-11,gasoline,import,0.0029321,29321.0,639059.0,customs_import_2017.csv,千克
2017-12,diesel,export,199.4323457,1994323457.0,6949833358.0,customs_export_2017.csv,千克
2017-12,diesel,import,0.3831812,3831812.0,15316832.0,customs_import_2017.csv,千克
2017-12,gasoline,export,123.0273674,1230273674.0,4816829681.0,customs_export_2017.csv,千克
2017-12,gasoline,import,0.0019888,19888.0,636504.0,customs_import_2017.csv,千克
2018-01,diesel,export,128.4402909,1284402909.0,4657066792.0,customs_export_2018.csv,千克
2018-01,diesel,import,0.6323037,6323037.0,29003404.0,customs_import_2018.csv,千克
2018-01,gasoline,export,99.6190472,996190472.0,4076636291.0,customs_export_2018.csv,千克
2018-01,gasoline,import,0.001496,14960.0,277670.0,customs_import_2018.csv,千克
2018-02,diesel,export,104.2298642,1042298642.0,4021375897.0,customs_export_2018.csv,千克
2018-02,diesel,import,10.9985447,109985447.0,422813342.0,customs_import_2018.csv,千克
2018-02,gasoline,export,87.0239675,870239675.0,3627223930.0,customs_export_2018.csv,千克
2018-02,gasoline,import,3.9908845,39908845.0,176903199.0,customs_import_2018.csv,千克
2018-03,diesel,export,237.5383853,2375383853.0,8914987054.0,customs_export_2018.csv,千克
2018-03,diesel,import,3.9651065,39651065.0,150968726.0,customs_import_2018.csv,千克
2018-03,gasoline,export,169.8767918,1698767918.0,6855611180.0,customs_export_2018.csv,千克
2018-03,gasoline,import,0.0025623,25623.0,707221.0,customs_import_2018.csv,千克
2018-04,diesel,export,182.3643221,1823643221.0,6891602746.0,customs_export_2018.csv,千克
2018-04,diesel,import,0.5792496,5792496.0,22789932.0,customs_import_2018.csv,千克
2018-04,gasoline,export,121.216959,1212169590.0,4900326356.0,customs_export_2018.csv,千克
2018-04,gasoline,import,0.002854,28540.0,528914.0,customs_import_2018.csv,千克
2018-05,diesel,export,200.1714733,2001714733.0,7948626136.0,customs_export_2018.csv,千克
2018-05,diesel,import,0.3137883,3137883.0,15677160.0,customs_import_2018.csv,千克
2018-05,gasoline,export,147.2167404,1472167404.0,6210269489.0,customs_export_2018.csv,千克
2018-05,gasoline,import,0.0019591,19591.0,283049.0,customs_import_2018.csv,千克
2018-06,diesel,export,161.2756669,1612756669.0,6666128546.0,customs_export_2018.csv,千克
2018-06,diesel,import,0.2328765,2328765.0,9623185.0,customs_import_2018.csv,千克
2018-06,gasoline,export,118.4003164,1184003164.0,5227004548.0,customs_export_2018.csv,千克
2018-06,gasoline,import,0.001496,14960.0,281529.0,customs_import_2018.csv,千克
2018-07,diesel,export,153.5821136,1535821136.0,6376293576.0,customs_export_2018.csv,千克
2018-07,diesel,import,8.1352407,81352407.0,344717447.0,customs_import_2018.csv,千克
2018-07,gasoline,export,89.2872415,892872415.0,3901455857.0,customs_export_2018.csv,千克
2018-07,gasoline,import,8.65e-05,865.0,42521.0,customs_import_2018.csv,千克
2018-08,diesel,export,158.0454366,1580454366.0,6746283559.0,customs_export_2018.csv,千克
2018-08,diesel,import,4.5136909,45136909.0,201995060.0,customs_import_2018.csv,千克
2018-08,gasoline,export,126.233147,1262331470.0,5686698816.0,customs_export_2018.csv,千克
2018-08,gasoline,import,8.1375257,81375257.0,373589431.0,customs_import_2018.csv,千克
2018-09,diesel,export,102.8374759,1028374759.0,4536981709.0,customs_export_2018.csv,千克
2018-09,diesel,import,7.3837809,73837809.0,349769344.0,customs_import_2018.csv,千克
2018-09,gasoline,export,73.3637419,733637419.0,3527036963.0,customs_export_2018.csv,千克
2018-09,gasoline,import,0.003579,35790.0,771692.0,customs_import_2018.csv,千克
2018-10,diesel,export,144.4819467,1444819467.0,6557338901.0,customs_export_2018.csv,千克
2018-10,diesel,import,10.890698,108906980.0,557145471.0,customs_import_2018.csv,千克
2018-10,gasoline,export,64.6006905,646006905.0,3219667676.0,customs_export_2018.csv,千克
2018-10,gasoline,import,16.4008436,164008436.0,856346237.0,customs_import_2018.csv,千克
2018-11,diesel,export,123.383849,1233838490.0,5738009583.0,customs_export_2018.csv,千克
2018-11,diesel,import,13.0562396,130562396.0,615142172.0,customs_import_2018.csv,千克
2018-11,gasoline,export,63.3212516,633212516.0,2876609921.0,customs_export_2018.csv,千克
2018-11,gasoline,import,7.0635453,70635453.0,335897881.0,customs_import_2018.csv,千克
2018-12,diesel,export,156.8934796,1568934796.0,6608180076.0,customs_export_2018.csv,千克
2018-12,diesel,import,10.4164534,104164534.0,432642271.0,customs_import_2018.csv,千克
2018-12,gasoline,export,127.7751833,1277751833.0,5000175058.0,customs_export_2018.csv,千克
2018-12,gasoline,import,8.936627,89366270.0,391003079.0,customs_import_2018.csv,千克
2019-01,diesel,export,183.6649531,1836649531.0,6907476658.0,customs_export_2019.csv,千克
2019-01,diesel,import,14.9493578,149493578.0,555418024.0,customs_import_2019.csv,千克
2019-01,gasoline,export,151.5582326,1515582326.0,5240345679.0,customs_export_2019.csv,千克
2019-01,gasoline,import,0.001522,15220.0,287655.0,customs_import_2019.csv,千克
2019-02,diesel,export,151.291846,1512918460.0,5672021724.0,customs_export_2019.csv,千克
2019-02,diesel,import,8.354961,83549610.0,329240146.0,customs_import_2019.csv,千克
2019-02,gasoline,export,55.4835254,554835254.0,1977878282.0,customs_export_2019.csv,千克
2019-03,diesel,export,271.2080444,2712080444.0,10389994989.0,customs_export_2019.csv,千克
2019-03,diesel,import,7.4110257,74110257.0,309175997.0,customs_import_2019.csv,千克
2019-03,gasoline,export,168.5309546,1685309546.0,6046971406.0,customs_export_2019.csv,千克
2019-03,gasoline,import,7.4526412,74526412.0,327444241.0,customs_import_2019.csv,千克
2019-04,diesel,export,260.2237771,2602237771.0,10397799387.0,customs_export_2019.csv,千克
2019-04,diesel,import,24.1878339,241878339.0,953273790.0,customs_import_2019.csv,千克
2019-04,gasoline,export,117.4940433,1174940433.0,4871619162.0,customs_export_2019.csv,千克
2019-04,gasoline,import,0.0042552,42552.0,753675.0,customs_import_2019.csv,千克
2019-05,diesel,export,124.3736819,1243736819.0,5073850880.0,customs_export_2019.csv,千克
2019-05,diesel,import,1.0227935,10227935.0,42959318.0,customs_import_2019.csv,千克
2019-05,gasoline,export,84.8666477,848666477.0,3609303288.0,customs_export_2019.csv,千克
2019-05,gasoline,import,3.5532971,35532971.0,152489216.0,customs_import_2019.csv,千克
2019-06,diesel,export,207.2080893,2072080893.0,8247294684.0,customs_export_2019.csv,千克
2019-06,diesel,import,13.559796,135597960.0,517632398.0,customs_import_2019.csv,千克
2019-06,gasoline,export,99.8845617,998845617.0,3993708370.0,customs_export_2019.csv,千克
2019-06,gasoline,import,3.7718412,37718412.0,146140963.0,customs_import_2019.csv,千克
2019-07,diesel,export,157.5379382,1575379382.0,6226207559.0,customs_export_2019.csv,千克
2019-07,diesel,import,7.6242751,76242751.0,311119111.0,customs_import_2019.csv,千克
2019-07,gasoline,export,155.8852181,1558852181.0,6325288674.0,customs_export_2019.csv,千克
2019-07,gasoline,import,2.8289956,28289956.0,109319602.0,customs_import_2019.csv,千克
2019-08,diesel,export,131.6450894,1316450894.0,5229448870.0,customs_export_2019.csv,千克
2019-08,diesel,import,12.3767746,123767746.0,520508730.0,customs_import_2019.csv,千克
2019-08,gasoline,export,105.7120145,1057120145.0,4263231750.0,customs_export_2019.csv,千克
2019-09,diesel,export,147.792074,1477920740.0,5911582941.0,customs_export_2019.csv,千克
2019-09,diesel,import,11.9409338,119409338.0,495250854.0,customs_import_2019.csv,千克
2019-09,gasoline,export,167.2889498,1672889498.0,6800877692.0,customs_export_2019.csv,千克
2019-09,gasoline,import,3.3544561,33544561.0,155326429.0,customs_import_2019.csv,千克
2019-10,diesel,export,118.8090368,1188090368.0,4822937075.0,customs_export_2019.csv,千克
2019-10,diesel,import,3.3976085,33976085.0,140317107.0,customs_import_2019.csv,千克
2019-10,gasoline,export,173.1183888,1731183888.0,7080133134.0,customs_export_2019.csv,千克
2019-10,gasoline,import,5.0260114,50260114.0,215760039.0,customs_import_2019.csv,千克
2019-11,diesel,export,221.3342221,2213342221.0,8921017009.0,customs_export_2019.csv,千克
2019-11,diesel,import,7.2208562,72208562.0,301762431.0,customs_import_2019.csv,千克
2019-11,gasoline,export,183.6064096,1836064096.0,7620494296.0,customs_export_2019.csv,千克
2019-11,gasoline,import,3.7408173,37408173.0,175351965.0,customs_import_2019.csv,千克
2019-12,diesel,export,163.1686338,1631686338.0,6527429230.0,customs_export_2019.csv,千克
2019-12,diesel,import,6.9712921,69712921.0,292541097.0,customs_import_2019.csv,千克
2019-12,gasoline,export,173.633235,1736332350.0,7280335063.0,customs_export_2019.csv,千克
2019-12,gasoline,import,3.6035832,36035832.0,160856712.0,customs_import_2019.csv,千克
2020-01,diesel,export,185.2322633,1852322633.0,7402153037.0,customs_export_2020.csv,千克
2020-01,diesel,import,5.4375053,54375053.0,226311470.0,customs_import_2020.csv,千克
2020-01,gasoline,export,115.7470392,1157470392.0,4856214768.0,customs_export_2020.csv,千克
2020-01,gasoline,import,13.2168145,132168145.0,592535769.0,customs_import_2020.csv,千克
2020-02,diesel,export,161.5080973,1615080973.0,6067521982.0,customs_export_2020.csv,千克
2020-02,diesel,import,11.6548702,116548702.0,481644839.0,customs_import_2020.csv,千克
2020-02,gasoline,export,156.4147029,1564147029.0,6201720049.0,customs_export_2020.csv,千克
2020-03,diesel,export,282.7591721,2827591721.0,9907738132.0,customs_export_2020.csv,千克
2020-03,diesel,import,2.1786492,21786492.0,63460429.0,customs_import_2020.csv,千克
2020-03,gasoline,export,182.1402214,1821402214.0,6014806498.0,customs_export_2020.csv,千克
2020-03,gasoline,import,5.8578395,58578395.0,191829447.0,customs_import_2020.csv,千克
2020-04,diesel,export,257.3360404,2573360404.0,6695960245.0,customs_export_2020.csv,千克
2020-04,diesel,import,13.190896,131908960.0,279692037.0,customs_import_2020.csv,千克
2020-04,gasoline,export,190.5217472,1905217472.0,4551845831.0,customs_export_2020.csv,千克
2020-04,gasoline,import,4.642196,46421960.0,36203092.0,customs_import_2020.csv,千克
2020-05,diesel,export,144.480251,1444802510.0,3163922556.0,customs_export_2020.csv,千克
2020-05,diesel,import,27.0572193,270572193.0,513126059.0,customs_import_2020.csv,千克
2020-05,gasoline,export,67.5687978,675687978.0,995185334.0,customs_export_2020.csv,千克
2020-05,gasoline,import,17.0872838,170872838.0,274587089.0,customs_import_2020.csv,千克
2020-06,diesel,export,103.7628781,1037628781.0,2038583487.0,customs_export_2020.csv,千克
2020-06,diesel,import,9.8799036,98799036.0,216546867.0,customs_import_2020.csv,千克
2020-06,gasoline,export,76.0959113,760959113.0,1537221450.0,customs_export_2020.csv,千克
2020-06,gasoline,import,3.6304619,36304619.0,73611760.0,customs_import_2020.csv,千克
2020-07,diesel,export,55.306504,553065040.0,1352461503.0,customs_export_2020.csv,千克
2020-07,diesel,import,4.1723628,41723628.0,104770811.0,customs_import_2020.csv,千克
2020-07,gasoline,export,111.6614962,1116614962.0,2865521236.0,customs_export_2020.csv,千克
2020-07,gasoline,import,3.6032347,36032347.0,102785485.0,customs_import_2020.csv,千克
2020-08,diesel,export,108.3050264,1083050264.0,2829464312.0,customs_export_2020.csv,千克
2020-08,diesel,import,5.8380616,58380616.0,155514592.0,customs_import_2020.csv,千克
2020-08,gasoline,export,121.9018621,1219018621.0,3190694278.0,customs_export_2020.csv,千克
2020-08,gasoline,import,0.001152,11520.0,121725.0,customs_import_2020.csv,千克
2020-09,diesel,export,119.3578801,1193578801.0,2824971415.0,customs_export_2020.csv,千克
2020-09,diesel,import,10.1739659,101739659.0,256245120.0,customs_import_2020.csv,千克
2020-09,gasoline,export,116.518985,1165189850.0,3056794248.0,customs_export_2020.csv,千克
2020-09,gasoline,import,0.001476,14760.0,278643.0,customs_import_2020.csv,千克
2020-10,diesel,export,217.2866397,2172866397.0,4941597212.0,customs_export_2020.csv,千克
2020-10,diesel,import,13.0236753,130236753.0,291737827.0,customs_import_2020.csv,千克
2020-10,gasoline,export,190.7197195,1907197195.0,5002984488.0,customs_export_2020.csv,千克
2020-11,diesel,export,192.1648038,1921648038.0,4283082806.0,customs_export_2020.csv,千克
2020-11,diesel,import,9.332406,93324060.0,203146757.0,customs_import_2020.csv,千克
2020-11,gasoline,export,125.7693429,1257693429.0,3207875601.0,customs_export_2020.csv,千克
2020-11,gasoline,import,0.003103,31030.0,441893.0,customs_import_2020.csv,千克
2020-12,diesel,export,148.4531595,1484531595.0,3465567608.0,customs_export_2020.csv,千克
2020-12,diesel,import,7.1557242,71557242.0,176746388.0,customs_import_2020.csv,千克
2020-12,gasoline,export,144.9364466,1449364466.0,3910889689.0,customs_export_2020.csv,千克
2020-12,gasoline,import,0.0020689,20689.0,499474.0,customs_import_2020.csv,千克
2021-01,diesel,export,172.1076202,1721076202.0,4406409300.0,customs_export_2021.csv,千克
2021-01,diesel,import,1.5810714,15810714.0,52107631.0,customs_import_2021.csv,千克
2021-01,gasoline,export,189.0310259,1890310259.0,5288127964.0,customs_export_2021.csv,千克
2021-01,gasoline,import,0.001488,14880.0,268857.0,customs_import_2021.csv,千克
2021-02,diesel,export,171.6034146,1716034146.0,4921622521.0,customs_export_2021.csv,千克
2021-02,diesel,import,15.2899167,152899167.0,457026229.0,customs_import_2021.csv,千克
2021-02,gasoline,export,164.8148636,1648148636.0,5075708463.0,customs_export_2021.csv,千克
2021-02,gasoline,import,2.9405614,29405614.0,101618709.0,customs_import_2021.csv,千克
2021-03,diesel,export,280.9943808,2809943808.0,8745731406.0,customs_export_2021.csv,千克
2021-03,diesel,import,6.9365093,69365093.0,239414878.0,customs_import_2021.csv,千克
2021-03,gasoline,export,155.3906083,1553906083.0,5544757629.0,customs_export_2021.csv,千克
2021-03,gasoline,import,3.5475315,35475315.0,144492827.0,customs_import_2021.csv,千克
2021-04,diesel,export,271.9913087,2719913087.0,8838386215.0,customs_export_2021.csv,千克
2021-04,diesel,import,1.1945282,11945282.0,42588293.0,customs_import_2021.csv,千克
2021-04,gasoline,export,146.9654423,1469654423.0,5560361175.0,customs_export_2021.csv,千克
2021-05,diesel,export,168.0855836,1680855836.0,5578766616.0,customs_export_2021.csv,千克
2021-05,diesel,import,9.7521028,97521028.0,346708641.0,customs_import_2021.csv,千克
2021-05,gasoline,export,154.4522693,1544522693.0,5940791124.0,customs_export_2021.csv,千克
2021-05,gasoline,import,8.4617268,84617268.0,358667988.0,customs_import_2021.csv,千克
2021-06,diesel,export,236.2307576,2362307576.0,8000669508.0,customs_export_2021.csv,千克
2021-06,diesel,import,3.0857545,30857545.0,116636947.0,customs_import_2021.csv,千克
2021-06,gasoline,export,145.2442505,1452442505.0,5730882010.0,customs_export_2021.csv,千克
2021-06,gasoline,import,6.0920574,60920574.0,268736029.0,customs_import_2021.csv,千克
2021-07,diesel,export,139.1951239,1391951239.0,4983031858.0,customs_export_2021.csv,千克
2021-07,diesel,import,4.6519617,46519617.0,172653633.0,customs_import_2021.csv,千克
2021-07,gasoline,export,74.0049197,740049197.0,3069591744.0,customs_export_2021.csv,千克
2021-07,gasoline,import,7.7134239,77134239.0,349943510.0,customs_import_2021.csv,千克
2021-08,diesel,export,54.6184783,546184783.0,2005413655.0,customs_export_2021.csv,千克
2021-08,diesel,import,8.5179393,85179393.0,317470816.0,customs_import_2021.csv,千克
2021-08,gasoline,export,56.6115572,566115572.0,2441458635.0,customs_export_2021.csv,千克
2021-08,gasoline,import,0.001486,14860.0,306867.0,customs_import_2021.csv,千克
2021-09,diesel,export,77.6921452,776921452.0,2839056465.0,customs_export_2021.csv,千克
2021-09,diesel,import,3.9232025,39232025.0,161786698.0,customs_import_2021.csv,千克
2021-09,gasoline,export,92.2085418,922085418.0,4005291924.0,customs_export_2021.csv,千克
2021-09,gasoline,import,3.4832908,34832908.0,155367063.0,customs_import_2021.csv,千克
2021-10,diesel,export,55.5620873,555620873.0,2125299451.0,customs_export_2021.csv,千克
2021-10,diesel,import,3.9746377,39746377.0,149908967.0,customs_import_2021.csv,千克
2021-10,gasoline,export,100.9095167,1009095167.0,4871865333.0,customs_export_2021.csv,千克
2021-10,gasoline,import,0.000108,1080.0,134465.0,customs_import_2021.csv,千克
2021-11,diesel,export,59.9050808,599050808.0,2435459706.0,customs_export_2021.csv,千克
2021-11,diesel,import,9.3427304,93427304.0,440892995.0,customs_import_2021.csv,千克
2021-11,gasoline,export,80.7422696,807422696.0,4101793803.0,customs_export_2021.csv,千克
2021-11,gasoline,import,3.52413,35241300.0,189709106.0,customs_import_2021.csv,千克
2021-12,diesel,export,32.5199815,325199815.0,1427945259.0,customs_export_2021.csv,千克
2021-12,diesel,import,7.932459,79324590.0,332788203.0,customs_import_2021.csv,千克
2021-12,gasoline,export,93.8452176,938452176.0,4686185254.0,customs_export_2021.csv,千克
2021-12,gasoline,import,3e-07,3.0,1902.0,customs_import_2021.csv,千克
2022-01,diesel,export,21.3075513,213075513.0,912256904.0,customs_export_2022.csv,千克
2022-01,diesel,import,6.0095623,60095623.0,248392198.0,customs_import_2022.csv,千克
2022-01,gasoline,export,86.1116432,861116432.0,4328974520.0,customs_export_2022.csv,千克
2022-01,gasoline,import,0.00147,14700.0,252063.0,customs_import_2022.csv,千克
2022-02,diesel,export,19.7592468,197592468.0,860291556.0,customs_export_2022.csv,千克
2022-02,diesel,import,8.3026879,83026879.0,393931605.0,customs_import_2022.csv,千克
2022-02,gasoline,export,102.5929562,1025929562.0,5734659854.0,customs_export_2022.csv,千克
2022-03,diesel,export,67.3314431,673314431.0,3884117703.0,customs_export_2022.csv,千克
2022-03,diesel,import,5.8012023,58012023.0,389581475.0,customs_import_2022.csv,千克
2022-03,gasoline,export,115.7503826,1157503826.0,6982471603.0,customs_export_2022.csv,千克
2022-03,gasoline,import,1.3e-06,13.0,1051.0,customs_import_2022.csv,千克
2022-04,diesel,export,52.7307403,527307403.0,3373867817.0,customs_export_2022.csv,千克
2022-04,diesel,import,5.6572622,56572622.0,397251371.0,customs_import_2022.csv,千克
2022-04,gasoline,export,97.5261586,975261586.0,6583848950.0,customs_export_2022.csv,千克
2022-05,diesel,export,12.2704664,122704664.0,822527142.0,customs_export_2022.csv,千克
2022-05,diesel,import,2.8495083,28495083.0,213178080.0,customs_import_2022.csv,千克
2022-05,gasoline,export,81.5418474,815418474.0,5627886377.0,customs_export_2022.csv,千克
2022-05,gasoline,import,0.7051755,7051755.0,41279641.0,customs_import_2022.csv,千克
2022-06,diesel,export,32.7665542,327665542.0,2442147170.0,customs_export_2022.csv,千克
2022-06,diesel,import,2.8542127,28542127.0,253784170.0,customs_import_2022.csv,千克
2022-06,gasoline,export,73.0341413,730341413.0,5685457640.0,customs_export_2022.csv,千克
2022-06,gasoline,import,0.6817796,6817796.0,52420091.0,customs_import_2022.csv,千克
2022-07,diesel,export,35.980744,359807440.0,2614442512.0,customs_export_2022.csv,千克
2022-07,diesel,import,1.1413419,11413419.0,94466223.0,customs_import_2022.csv,千克
2022-07,gasoline,export,88.0394012,880394012.0,6444290763.0,customs_export_2022.csv,千克
2022-08,diesel,export,83.0117655,830117655.0,5958990122.0,customs_export_2022.csv,千克
2022-08,diesel,import,4.0959942,40959942.0,284225925.0,customs_import_2022.csv,千克
2022-08,gasoline,export,111.3815558,1113815558.0,8345258454.0,customs_export_2022.csv,千克
2022-09,diesel,export,172.8911725,1728911725.0,11973121460.0,customs_export_2022.csv,千克
2022-09,diesel,import,0.9004228,9004228.0,64745501.0,customs_import_2022.csv,千克
2022-09,gasoline,export,66.1658042,661658042.0,4378200459.0,customs_export_2022.csv,千克
2022-10,diesel,export,106.0899382,1060899382.0,7454180577.0,customs_export_2022.csv,千克
2022-10,diesel,import,2.0287081,20287081.0,142394898.0,customs_import_2022.csv,千克
2022-10,gasoline,export,95.5785547,955785547.0,5085928168.0,customs_export_2022.csv,千克
2022-11,diesel,export,209.7162988,2097162988.0,14395124586.0,customs_export_2022.csv,千克
2022-11,diesel,import,2.1509198,21509198.0,156059505.0,customs_import_2022.csv,千克
2022-11,gasoline,export,147.9424372,1479424372.0,8235625905.0,customs_export_2022.csv,千克
2022-12,diesel,export,279.1805229,2791805229.0,17432271664.0,customs_export_2022.csv,千克
2022-12,diesel,import,2.0490992,20490992.0,140608757.0,customs_import_2022.csv,千克
2022-12,gasoline,export,191.5586161,1915586161.0,9936281874.0,customs_export_2022.csv,千克
2022-12,gasoline,import,0.6211776,6211776.0,43270840.0,customs_import_2022.csv,千克
2023-01,diesel,export,239.5846598,2395846598.0,14645220049.0,customs_export_2023.csv,千克
2023-01,gasoline,export,124.1745774,1241745774.0,6649835625.0,customs_export_2023.csv,千克
2023-01,gasoline,import,0.00028,2800.0,141570.0,customs_import_2023.csv,千克
2023-02,diesel,export,215.54208,2155420800.0,12299731680.0,customs_export_2023.csv,千克
2023-02,diesel,import,0.049951,499510.0,3568765.0,customs_import_2023.csv,千克
2023-02,gasoline,export,102.5043151,1025043151.0,5507505399.0,customs_export_2023.csv,千克
2023-03,diesel,export,144.0238078,1440238078.0,7914080970.0,customs_export_2023.csv,千克
2023-03,gasoline,export,76.3218816,763218816.0,4216389566.0,customs_export_2023.csv,千克
2023-03,gasoline,import,4e-07,4.0,4943.0,customs_import_2023.csv,千克
2023-04,diesel,export,62.3449311,623449311.0,3252675870.0,customs_export_2023.csv,千克
2023-04,diesel,import,0.0998723,998723.0,6272067.0,customs_import_2023.csv,千克
2023-04,gasoline,export,82.2647696,822647696.0,4784209703.0,customs_export_2023.csv,千克
2023-05,diesel,export,60.056145,600561450.0,3009927771.0,customs_export_2023.csv,千克
2023-05,gasoline,export,136.3116591,1363116591.0,7128162113.0,customs_export_2023.csv,千克
2023-06,diesel,export,29.4592496,294592496.0,1566865132.0,customs_export_2023.csv,千克
2023-06,diesel,import,7.6526387,76526387.0,358569682.0,customs_import_2023.csv,千克
2023-06,gasoline,export,95.2086831,952086831.0,4949176454.0,customs_export_2023.csv,千克
2023-07,diesel,export,91.0027282,910027282.0,4685734946.0,customs_export_2023.csv,千克
2023-07,diesel,import,0.0998717,998717.0,5476073.0,customs_import_2023.csv,千克
2023-07,gasoline,export,122.4667281,1224667281.0,6704039190.0,customs_export_2023.csv,千克
2023-07,gasoline,import,0.0008826,8826.0,257494.0,customs_import_2023.csv,千克
2023-08,diesel,export,125.623384,1256233840.0,7145949518.0,customs_export_2023.csv,千克
2023-08,diesel,import,0.099313,993130.0,6809384.0,customs_import_2023.csv,千克
2023-08,gasoline,export,137.7977284,1377977284.0,8375947754.0,customs_export_2023.csv,千克
2023-08,gasoline,import,0.0005311,5311.0,363041.0,customs_import_2023.csv,千克
2023-09,diesel,export,119.5858778,1195858778.0,7867257996.0,customs_export_2023.csv,千克
2023-09,diesel,import,0.1036079,1036079.0,7204511.0,customs_import_2023.csv,千克
2023-09,gasoline,export,109.0967639,1090967639.0,7251447150.0,customs_export_2023.csv,千克
2023-10,diesel,export,111.0164265,1110164265.0,7261828019.0,customs_export_2023.csv,千克
2023-10,diesel,import,0.0011871,11871.0,76861.0,customs_import_2023.csv,千克
2023-10,gasoline,export,76.7238753,767238753.0,4780016729.0,customs_export_2023.csv,千克
2023-10,gasoline,import,4.32e-05,432.0,28308.0,customs_import_2023.csv,千克
2023-11,diesel,export,115.9997452,1159997452.0,7604145486.0,customs_export_2023.csv,千克
2023-11,diesel,import,3.7566814,37566814.0,214506603.0,customs_import_2023.csv,千克
2023-11,gasoline,export,88.9201992,889201992.0,5429467078.0,customs_export_2023.csv,千克
2023-12,diesel,export,66.885932,668859320.0,3989781516.0,customs_export_2023.csv,千克
2023-12,diesel,import,1.2031212,12031212.0,78198726.0,customs_import_2023.csv,千克
2023-12,gasoline,export,76.8162345,768162345.0,4413438107.0,customs_export_2023.csv,千克
2024-01,diesel,export,59.3011665,593011665.0,3518160796.0,customs_export_2024.csv,千克
2024-01,diesel,import,3e-07,3.0,3601.0,customs_import_2024.csv,千克
2024-01,gasoline,export,83.9405442,839405442.0,4732785797.0,customs_export_2024.csv,千克
2024-02,diesel,export,62.8840436,628840436.0,3457891071.0,customs_export_2024.csv,千克
2024-02,gasoline,export,73.0803809,730803809.0,4238374589.0,customs_export_2024.csv,千克
2024-03,diesel,export,141.5949718,1415949718.0,7864458666.0,customs_export_2024.csv,千克
2024-03,gasoline,export,115.3648695,1153648695.0,6727912533.0,customs_export_2024.csv,千克
2024-04,diesel,export,75.7555741,757555741.0,4480089587.0,customs_export_2024.csv,千克
2024-04,gasoline,export,40.4274565,404274565.0,2524184219.0,customs_export_2024.csv,千克
2024-04,gasoline,import,0.0008685,8685.0,549506.0,customs_import_2024.csv,千克
2024-05,diesel,export,107.4677912,1074677912.0,6054244280.0,customs_export_2024.csv,千克
2024-05,diesel,import,1.7e-06,17.0,4929.0,customs_import_2024.csv,千克
2024-05,gasoline,export,86.5004031,865004031.0,5050799379.0,customs_export_2024.csv,千克
2024-05,gasoline,import,4.3e-06,43.0,3916.0,customs_import_2024.csv,千克
2024-06,diesel,export,82.4567937,824567937.0,4345512750.0,customs_export_2024.csv,千克
2024-06,gasoline,export,93.3734105,933734105.0,5210606850.0,customs_export_2024.csv,千克
2024-06,gasoline,import,1.5e-05,150.0,16143.0,customs_import_2024.csv,千克
2024-07,diesel,export,53.4347762,534347762.0,3024729718.0,customs_export_2024.csv,千克
2024-07,gasoline,export,78.7904903,787904903.0,4410099968.0,customs_export_2024.csv,千克
2024-08,diesel,export,87.5520287,875520287.0,4763796085.0,customs_export_2024.csv,千克
2024-08,diesel,import,4.0413449,40413449.0,196854694.0,customs_import_2024.csv,千克
2024-08,gasoline,export,77.0837306,770837306.0,4141804563.0,customs_export_2024.csv,千克
2024-08,gasoline,import,0.0040842,40842.0,1030823.0,customs_import_2024.csv,千克
2024-09,diesel,export,34.7468258,347468258.0,1730579788.0,customs_export_2024.csv,千克
2024-09,diesel,import,4.1743546,41743546.0,203361327.0,customs_import_2024.csv,千克
2024-09,gasoline,export,72.7642687,727642687.0,3797911485.0,customs_export_2024.csv,千克
2024-09,gasoline,import,0.0001063,1063.0,14805.0,customs_import_2024.csv,千克
2024-10,diesel,export,47.5260034,475260034.0,2398321664.0,customs_export_2024.csv,千克
2024-10,gasoline,export,67.0923839,670923839.0,3343733115.0,customs_export_2024.csv,千克
2024-11,diesel,export,39.5061224,395061224.0,2203368161.0,customs_export_2024.csv,千克
2024-11,gasoline,export,126.7742155,1267742155.0,6354279118.0,customs_export_2024.csv,千克
2024-12,diesel,export,7.3228851,73228851.0,514560544.0,customs_export_2024.csv,千克
2024-12,diesel,import,3.7789194,37789194.0,185670136.0,customs_import_2024.csv,千克
2024-12,gasoline,export,58.4891298,584891298.0,3032273886.0,customs_export_2024.csv,千克
2024-12,gasoline,import,0.0008646,8646.0,308242.0,customs_import_2024.csv,千克
2025-01,diesel,export,26.7707793,267707793.0,1759564973.0,customs_export_2025.csv,千克
2025-01,gasoline,export,49.9714833,499714833.0,2622477584.0,customs_export_2025.csv,千克
2025-01,gasoline,import,3.6496998,36496998.0,185676042.0,customs_import_2025.csv,千克
2025-02,diesel,export,43.9998943,439998943.0,2249236253.0,customs_export_2025.csv,千克
2025-02,gasoline,export,20.2990187,202990187.0,1062958881.0,customs_export_2025.csv,千克
2025-03,diesel,export,74.7067161,747067161.0,4168442252.0,customs_export_2025.csv,千克
2025-03,diesel,import,4.1793911,41793911.0,204693158.0,customs_import_2025.csv,千克
2025-03,gasoline,export,93.6598416,936598416.0,4702671362.0,customs_export_2025.csv,千克
2025-03,gasoline,import,0.0014938,14938.0,792450.0,customs_import_2025.csv,千克
2025-04,diesel,export,51.2350165,512350165.0,2739616630.0,customs_export_2025.csv,千克
2025-04,diesel,import,4.1743737,41743737.0,204437927.0,customs_import_2025.csv,千克
2025-04,gasoline,export,78.4387871,784387871.0,3877899508.0,customs_export_2025.csv,千克
2025-05,diesel,export,51.4215766,514215766.0,2726309118.0,customs_export_2025.csv,千克
2025-05,diesel,import,0.0009436,9436.0,69851.0,customs_import_2025.csv,千克
2025-05,gasoline,export,69.0042206,690042206.0,3259731262.0,customs_export_2025.csv,千克
2025-06,diesel,export,33.4151778,334151778.0,2037233614.0,customs_export_2025.csv,千克
2025-06,diesel,import,4.123172,41231720.0,202583690.0,customs_import_2025.csv,千克
2025-06,gasoline,export,77.8490066,778490066.0,3807925585.0,customs_export_2025.csv,千克
2025-07,diesel,export,81.7004175,817004175.0,4448022915.0,customs_export_2025.csv,千克
2025-07,diesel,import,2.9059383,29059383.0,136657272.0,customs_import_2025.csv,千克
2025-07,gasoline,export,93.3969468,933969468.0,4556734746.0,customs_export_2025.csv,千克
2025-08,diesel,export,93.5397366,935397366.0,4792257943.0,customs_export_2025.csv,千克
2025-08,diesel,import,0.0070411,70411.0,328430.0,customs_import_2025.csv,千克
2025-08,gasoline,export,84.9516148,849516148.0,4158739064.0,customs_export_2025.csv,千克
2025-08,gasoline,import,0.0012968,12968.0,430931.0,customs_import_2025.csv,千克
2025-09,diesel,export,50.9277163,509277163.0,2837133521.0,customs_export_2025.csv,千克
2025-09,diesel,import,4.1422506,41422506.0,177414250.0,customs_import_2025.csv,千克
2025-09,gasoline,export,64.8807062,648807062.0,3230979438.0,customs_export_2025.csv,千克
2025-09,gasoline,import,0.001761,17610.0,484389.0,customs_import_2025.csv,千克
2025-10,diesel,export,73.9375856,739375856.0,4307619604.0,customs_export_2025.csv,千克
2025-10,diesel,import,3.9540662,39540662.0,185667506.0,customs_import_2025.csv,千克
2025-10,gasoline,export,74.6689388,746689388.0,3616874058.0,customs_export_2025.csv,千克
2025-11,diesel,export,41.5311977,415311977.0,2627627645.0,customs_export_2025.csv,千克
2025-11,diesel,import,0.0024822,24822.0,165650.0,customs_import_2025.csv,千克
2025-11,gasoline,export,61.7251762,617251762.0,3071032005.0,customs_export_2025.csv,千克
2025-12,diesel,export,42.6591464,426591464.0,2319946103.0,customs_export_2025.csv,千克
2025-12,diesel,import,0.0018526,18526.0,87201.0,customs_import_2025.csv,千克
2025-12,gasoline,export,33.3126868,333126868.0,1634878348.0,customs_export_2025.csv,千克
2026-01,gasoline,export,53.0464556,530464556.0,2420934381.0,customs_export_2026.csv,千克
2026-02,gasoline,export,31.804969,318049690.0,1509240606.0,customs_export_2026.csv,千克
2026-03,gasoline,export,30.0193996,300193996.0,1693684639.0,customs_export_2026.csv,千克
2026-03,gasoline,import,4.3155412,43155412.0,192780448.0,customs_import_2026.csv,千克
