month,gasoline_import,gasoline_export,diesel_import,diesel_export
2016-01,8.4484553,59.1652734,14.5011308,72.8450292
2016-02,11.4291961,60.0860883,3.32376,79.3222559
2016-03,0.5882451,67.0130612,18.5069388,125.0429413
2016-04,0.2771275,70.782536,0.0040784,124.339576
2016-05,9.12e-05,77.7938509,4.0618255,147.7201012
2016-06,0.0077882,110.1142057,19.0057936,109.7177048
2016-07,0.0021556,96.5847829,0.0063939,153.3134333
2016-08,0.004241750000000001,67.1472799,7.1717095,106.4939067
2016-09,0.0063279,84.0832714,12.9533342,160.3479227
2016-10,0.0058631,87.0648935,0.0341879,135.4429102
2016-11,0.00146,93.7918853,1.4005239,147.2297527
2016-12,0.0032031,95.6607661,10.5939963,178.4319581
2017-01,0.0014861,59.8907519,8.3387085,96.4417431
2017-02,0.7245288,106.0586595,5.0444432,132.1211174
2017-03,0.8888175,83.5083921,9.3760797,191.2710423
2017-04,1.29e-05,91.011077,11.3414559,122.7167475
2017-05,1.61e-05,63.9222263,11.1715995,123.1234127
2017-06,0.0030101,73.2090941,4.2959132,130.8188994
2017-07,0.0035472,102.1968126,0.084089,139.6248902
2017-08,0.0085372,90.7344074,8.046997,147.0945447
2017-09,0.0062504,56.8423948,4.1374533,118.3856985
2017-10,0.003721,96.8584994,12.4011609,120.8346438
2017-11,0.0029321,104.1492342,0.1113573,197.4158071
2017-12,0.0019888,123.0273674,0.3831812,199.4323457
2018-01,0.001496,99.6190472,0.6323037,128.4402909
2018-02,3.9908845,87.0239675,10.9985447,104.2298642
2018-03,0.0025623,169.8767918,3.9651065,237.5383853
2018-04,0.002854,121.216959,0.5792496,182.3643221
2018-05,0.0019591,147.2167404,0.3137883,200.1714733
2018-06,0.001496,118.4003164,0.2328765,161.2756669
2018-07,8.65e-05,89.2872415,8.1352407,153.5821136
2018-08,8.1375257,126.233147,4.5136909,158.0454366
2018-09,0.003579,73.3637419,7.3837809,102.8374759
2018-10,16.4008436,64.6006905,10.890698,144.4819467
2018-11,7.0635453,63.3212516,13.0562396,123.383849
2018-12,8.936627,127.7751833,10.4164534,156.8934796
2019-01,0.001522,151.5582326,14.9493578,183.6649531
2019-02,3.7270816000000004,55.4835254,8.354961,151.291846
2019-03,7.4526412,168.5309546,7.4110257,271.2080444
2019-04,0.0042552,117.4940433,24.1878339,260.2237771
2019-05,3.5532971,84.8666477,1.0227935,124.3736819
2019-06,3.7718412,99.8845617,13.559796,207.2080893
2019-07,2.8289956,155.8852181,7.6242751,157.5379382
2019-08,3.09172585,105.7120145,12.3767746,131.6450894
2019-09,3.3544561,167.2889498,11.9409338,147.792074
2019-10,5.0260114,173.1183888,3.3976085,118.8090368
2019-11,3.7408173,183.6064096,7.2208562,221.3342221
2019-12,3.6035832,173.633235,6.9712921,163.1686338
2020-01,13.2168145,115.7470392,5.4375053,185.2322633
2020-02,9.537327,156.4147029,11.6548702,161.5080973
2020-03,5.8578395,182.1402214,2.1786492,282.7591721
2020-04,4.642196,190.5217472,13.190896,257.3360404
2020-05,17.0872838,67.5687978,27.0572193,144.480251
2020-06,3.6304619,76.0959113,9.8799036,103.7628781
2020-07,3.6032347,111.6614962,4.1723628,55.306504
2020-08,0.001152,121.9018621,5.8380616,108.3050264
2020-09,0.001476,116.518985,10.1739659,119.3578801
2020-10,0.0022895,190.7197195,13.0236753,217.2866397
2020-11,0.003103,125.7693429,9.332406,192.1648038
2020-12,0.0020689,144.9364466,7.1557242,148.4531595
2021-01,0.001488,189.0310259,1.5810714,172.1076202
2021-02,2.9405614,164.8148636,15.2899167,171.6034146
2021-03,3.5475315,155.3906083,6.9365093,280.9943808
2021-04,6.0046291499999995,146.9654423,1.1945282,271.9913087
2021-05,8.4617268,154.4522693,9.7521028,168.0855836
2021-06,6.0920574,145.2442505,3.0857545,236.2307576
2021-07,7.7134239,74.0049197,4.6519617,139.1951239
2021-08,0.001486,56.6115572,8.5179393,54.6184783
2021-09,3.4832908,92.2085418,3.9232025,77.6921452
2021-10,0.000108,100.9095167,3.9746377,55.5620873
2021-11,3.52413,80.7422696,9.3427304,59.9050808
2021-12,3e-07,93.8452176,7.932459,32.5199815
2022-01,0.00147,86.1116432,6.0095623,21.3075513
2022-02,0.00073565,102.5929562,8.3026879,19.7592468
2022-03,1.3e-06,115.7503826,5.8012023,67.3314431
2022-04,0.35258839999999997,97.5261586,5.6572622,52.7307403
2022-05,0.7051755,81.5418474,2.8495083,12.2704664
2022-06,0.6817796,73.0341413,2.8542127,32.7665542
2022-07,0.6716792666666667,88.0394012,1.1413419,35.980744
2022-08,0.6615789333333334,111.3815558,4.0959942,83.0117655
2022-09,0.6514786,66.1658042,0.9004228,172.8911725
2022-10,0.6413782666666666,95.5785547,2.0287081,106.0899382
2022-11,0.6312779333333334,147.9424372,2.1509198,209.7162988
2022-12,0.6211776,191.5586161,2.0490992,279.1805229
2023-01,0.00028,124.1745774,1.0495251,239.5846598
2023-02,0.0001402,102.5043151,0.049951,215.54208
2023-03,4e-07,76.3218816,0.07491165,144.0238078
2023-04,0.00022095,82.2647696,0.0998723,62.3449311
2023-05,0.0004415,136.3116591,3.8762554999999996,60.056145
2023-06,0.00066205,95.2086831,7.6526387,29.4592496
2023-07,0.0008826,122.4667281,0.0998717,91.0027282
2023-08,0.0005311,137.7977284,0.099313,125.623384
2023-09,0.00028715,109.0967639,0.1036079,119.5858778
2023-10,4.32e-05,76.7238753,0.0011871,111.0164265
2023-11,0.00018075,88.9201992,3.7566814,115.9997452
2023-12,0.00031830000000000004,76.8162345,1.2031212,66.885932
2024-01,0.00045585000000000005,83.9405442,3e-07,59.3011665
2024-02,0.0005934,73.0803809,6.5e-07,62.8840436
2024-03,0.00073095,115.3648695,1.0000000000000002e-06,141.5949718
2024-04,0.0008685,40.4274565,1.3500000000000002e-06,75.7555741
2024-05,4.3e-06,86.5004031,1.7e-06,107.4677912
2024-06,1.5e-05,93.3734105,1.3471161,82.4567937
2024-07,0.0020495999999999995,78.7904903,2.6942304999999998,53.4347762
2024-08,0.0040842,77.0837306,4.0413449,87.5520287
2024-09,0.0001063,72.7642687,4.1743546,34.7468258
2024-10,0.00035906666666666665,67.0923839,4.0425428666666665,47.5260034
2024-11,0.0006118333333333334,126.7742155,3.9107311333333334,39.5061224
2024-12,0.0008646,58.4891298,3.7789194,7.3228851
2025-01,3.6496998,49.9714833,3.9124099666666665,26.7707793
2025-02,1.8255968,20.2990187,4.0459005333333335,43.9998943
2025-03,0.0014938,93.6598416,4.1793911,74.7067161
2025-04,0.0014544,78.4387871,4.1743737,51.2350165
2025-05,0.001415,69.0042206,0.0009436,51.4215766
2025-06,0.0013756,77.8490066,4.123172,33.4151778
2025-07,0.0013362,93.3969468,2.9059383,81.7004175
2025-08,0.0012968,84.9516148,0.0070411,93.5397366
2025-09,0.001761,64.8807062,4.1422506,50.9277163
2025-10,0.7207243666666667,74.6689388,3.9540662,73.9375856
2025-11,1.4396877333333333,61.7251762,0.0024822,41.5311977
2025-12,2.1586511,33.3126868,0.0018526,42.6591464
2026-01,2.877614466666667,53.0464556,0.0018526,42.6591464
2026-02,3.596577833333334,31.804969,0.0018526,42.6591464
2026-03,4.3155412,30.0193996,0.0018526,42.6591464
2026-04,4.3155412,30.0193996,0.0018526,42.6591464
2026-05,4.3155412,30.0193996,0.0018526,42.6591464
